1,AbAMP1,Aurein 1.2,GLFDIIKKIAESF,not hemolytic=1.0%,16,likely soluble=87.0%,3,4,5,2,8,5,4,2,2,23.077,30.769,38.462,15.385,61.538,38.462,30.769,15.385,15.385,1480.767,13,-0.000384161,6.492972,127.69231,20.4769231,0.1261538,0.6692308,0.7127588,1,TRUE,FALSE,-4.736988417,1.889359073,Leu 2 > Ser 12 ,Toxin,2.68,0.99,8,AbAMP1.pdb
2,AbAMP2,CAMEL,KWKLFKKIGAVLKVL,unlikely hemolytic=21.0%,2,weakly soluble=45.0%,2,4,7,2,10,5,5,5,13.333,26.667,46.667,13.333,66.667,33.333,33.333,33.333,0,0,1771.309,15,4.99650913,11.402903,149.33333,-28.9866667,-0.538,0.54,0.6870352,1,TRUE,FALSE,-0.134866667,-1.355133333,Trp 2 > Val 14,Non-Toxin,3.025,0.988666667,5,AbAMP2.pdb
3,AbAMP3,Citropin 1.1,GLFDVIKKVASVIGGL,weakly hemolytic=48.0%,16,weakly soluble=66.0%,5,9,8,1,12,4,3,2,1,31.25,56.25,50,6.25,75,25,18.75,12.5,6.25,1615.977,16,0.997840716,9.537301,158.125,14.1875,-1.011875,1.28125,0.6423152,1,TRUE,FALSE,0.2147625,-0.26875,Leu 2 > Ile 13,Non-Toxin,4.973,0.98,5,AbAMP3.pdb
4,AbAMP4,LL-37,LLGDFFRKSKEKIGKEFKRIVQRIKDFLRNLVPRTES,weakly hemolytic=68.0%,16 to 32,likely soluble=78.0%,5,11,9,4,16,21,16,11,5,13.514,29.73,24.324,10.811,43.243,56.757,43.243,29.73,13.514,4493.325,37,6.002415876,11.346921,89.45946,23.3432432,3,-0.7243243,0.9663389,1,TRUE,FALSE,-9.583783784,0.972216216,Leu 2 > Leu 31,Non-Toxin,11.914,1.013243243,3,AbAMP4.pdb
5,AbAMP5,Omiganan,ILRWPWWPWRRK,not hemolytic=1.0%,32,is soluble=93.0%,0,2,2,4,8,4,4,4,0,0,16.667,16.667,33.333,66.667,33.333,33.333,33.333,0,1780.157,12,3.997679332,12.80743,65,131.9333333,2.5958333,-1.325,0.629719,1,TRUE,FALSE,-7.725,-2.6275,Trp 7> Arg 10 ,Toxin,4.756,0.973333333,2,AbAMP5.pdb
6,AbAMP6,r-Omiganan,KRRWPWWPWRLI,not hemolytic=1.0%,16,likely soluble=90.0%,0,2,2,4,8,4,4,4,0,0,16.667,16.667,33.333,66.667,33.333,33.333,33.333,0,1780.157,12,3.997679332,12.80743,65,127,2.5958333,-1.325,0.629719,1,TRUE,FALSE,-7.133333333,-2.6275,Trp 7 > Leu 11,Non-Toxin,5.301,0.969166667,2,AbAMP6.pdb
7,AbAMP7,Pexiganan,GIGKFLKKAKKFGKAFVKILKK,unlikely hemolytic=22.0%,1 to 8,likely soluble=83.0%,5,6,7,3,13,9,9,9,0,22.727,27.273,31.818,13.636,59.091,40.909,40.909,40.909,0,2478.195,22,8.995328995,11.70347,93.18182,-6.1636364,0.4931818,-0.1590909,0.7891923,1,TRUE,FALSE,-2.233181818,0.169454545,Gly 3 > Leu 20 ,Toxin,3.213,1.002727273,1,AbAMP7.pdb
8,AbAMP8,Temporin A,FLPLIGRVLSGIL,weakly hemolytic=49.0%,128,unlikely soluble=27.0%,3,5,7,1,11,2,1,1,0,23.077,38.462,53.846,7.692,84.615,15.385,7.692,7.692,0,1397.767,13,0.997980988,10.549999,202.30769,32.3307692,-1.5461538,1.8076923,0.5867194,1,TRUE,FALSE,-0.2346,-2.2346,Leu 2 > Ile 12,Toxin,4.844,0.9907,5,AbAMP8.pdb
9,AbAMP9,Cec4,GWLKKIGKKIERVGQNTRDATIQAIGVAQQAANVAATLKG,not hemolytic=1.0%,4,likely soluble=83.0%,15,21,16,1,22,18,9,7,2,37.5,52.5,40,2.5,55,45,22.5,17.5,5,4204.889,40,4.998724114,11.336352,97.75,14.74,1.37325,-0.2675,0.9356343,1,TRUE,FALSE,-4.6387,1.984,"Trp 2 > Asn 16, Ile 22 > Thr 37   ",Non-Toxin,3.922,0.99675,6,AbAMP9.pdb
10,AbAMP10,Cec4-7,GWLKKIGKKIERVGQHTRDATIQAIGVAQQAANVAATLKG,not hemolytic=0.0%,less than 256,likely soluble=82.0%,15,20,16,2,22,18,10,8,2,37.5,50,40,5,55,45,25,20,5,4227.926,40,5.089633205,11.336328,97.75,14.9775,1.32375,-0.26,0.9356343,1,TRUE,FALSE,-4.6687,1.8565,"Trp 2 > His 16, Gly 26 > Thr 37 ",Non-Toxin,3.569,0.98425,6,AbAMP10.pdb
11,AbAMP11,Cec4-8,GWVKKIGKKIERVGQNTRDATIQVIGVAQQAANVAATLKG,not hemolytic=1.0%,less than 256,likely soluble=77.0%,14,22,16,1,22,18,9,7,2,35,55,40,2.5,55,45,22.5,17.5,5,4218.916,40,4.998724114,11.336352,100,9.05,1.3395,-0.1975,0.9373256,1,TRUE,FALSE,-4.5543,1.94425,"Trp 2 > Asn 16, Gly 26 > Thr 37 ",Non-Toxin,3.522,0.996,7,AbAMP11.pdb
12,AbAMP12,Agelaia-MPI,INWLKLGKAIIDAL ,is hemolytic=93.0%,6.25 and 12.5 to 25,unlikely soluble=28.0%,3,5,8,1,10,4,3,2,1,21.429,35.714,57.143,7.143,71.429,28.571,21.429,14.286,7.143,1567.93494,14,0.997840716,9.537300874,181.4285714,-7.5,-0.710714286,0.885714286,0.591176961,1,TRUE,FALSE,-4.6387,1.984,"Leu 3 > Asn 16, Ala 20 > Lys 39",Non-Toxin,3.7572858,0.99675,8,AbAMP12.pdb
13,AbAMP13,Human KS-30 (Cathelicidin),KSKEKIGKEFKRIVQRIKDFLRNLVPRTES,not hemolytic=0.0%,8 to 16,likely soluble=86.0%,4,9,7,2,11,19,14,10,4,13.333,30,23.333,6.667,36.667,63.333,46.667,33.333,13.333,3644.325,30,6.001972704,11.369347,84.33333,28.97,3.47,-1.0533333,0.9663389,1,TRUE,FALSE,-9.63,0.6472,Arg 2 > Leu 14,Non-Toxin,7.777,0.9975,4,AbAMP13.pdb
14,AbAMP14,Human KR-20 (Cathelicidin),KRIVQRIKDFLRNLVPRTES,likely hemolytic=79.0%,16 to 32,likely soluble=70.0%,2,7,6,1,8,12,8,6,2,10,35,30,5,40,60,40,30,10,2468.931,20,3.999602593,12.07911,107,54.46,3.686,-0.755,0.9663389,1,TRUE,FALSE,-9.9367,1.3764,Ser 2 > Leu 24,Non-Toxin,10.135,1.00333,9,AbAMP14.pdb
15,AbAMP15,KR-12 ( Cathelicidin),KRIVQRIKDFLR,not hemolytic=2.0%,18 to 29,unlikely soluble=39.0%,0,2,4,1,5,7,6,5,1,0,16.667,33.333,8.333,41.667,58.333,50,41.667,8.333,1571.933,12,3.997830782,12.24367,121.66667,31.95,4.0283333,-0.7083333,0.9663389,1,TRUE,FALSE,-9.7667,0.18783,Arg 2 > Leu 11,Non-Toxin,3.533,0.99917,9,AbAMP15.pdb
16,AbAMP16,SAAP-148,LKRVWKRVFKLLKRYWRQLKKPVR,not hemolytic=2.0%,1.875,likely soluble=80.0%,0,4,7,4,12,12,11,11,0,0,16.667,29.167,16.667,50,50,45.833,45.833,0,3226.059,24,10.99534713,12.703963,101.25,35.3666667,3.0891667,-0.9791667,1.0072273,1,TRUE,FALSE,-9.05,-0.65583,Arg 3 > Lys 20 ,Toxin,7.825,0.99792,2,AbAMP16.pdb
17,AbAMP17,AM-CATH36,GLFKKLRRKIKKGFKKIFKRLPPIGVGVSIPLAGKR,not hemolytic=2.0%,5.2,likely soluble=87.0%,7,12,11,3,22,14,13,13,0,19.444,33.333,30.556,8.333,61.111,38.889,36.111,36.111,0,4076.169,36,12.99531575,13.009704,105.55556,29.9611111,1.3927778,-0.2472222,0.9358016,1,TRUE,FALSE ,-5.9972,0.125,Leu 2 > Arg 20 ,Toxin,7.133,0.9967,3,AbAMP17.pdb
18,AbAMP18,AM-CATH28,KIKKGFKKIFKRLPPIGVGVSIPLAGKR,not hemolytic=1.0%,28,weakly soluble=55.0%,6,11,9,2,18,10,9,9,0,21.429,39.286,32.143,7.143,64.286,35.714,32.143,32.143,0,3076.898,28,8.99591244,12.596166,107.85714,16.7285714,0.82,-0.075,0.8686161,1,TRUE,FALSE,-3.961,0.1011,Ile 2 > Arg 12,Toxin,6.416,0.98886,4,AbAMP18.pdb
19,AbAMP19,AM-CATH21,GLFKKLRRKIKKGFKKIFKRL,not hemolytic=1.0%,42,likely soluble=74.0%,2,2,5,3,10,11,11,11,0,9.524,9.524,23.81,14.286,47.619,52.381,52.381,52.381,0,2633.401,21,10.99561409,12.848188,92.85714,19.8095238,2.5590476,-0.7952381,0.9358016,1,TRUE,FALSE,-7.776,0.1367,Leu 2 > Phe 18,Toxin,4.43,1.0086,2,AbAMP19.pdb
20,AbAMP20,Cathelicidin-BF,KFFRKLKKSVKKRAKEFFKKPRVIGVSIPF,not hemolytic=0.0%,8 to 32,weakly soluble=61.0%,4,9,7,5,15,15,13,12,1,13.333,30,23.333,16.667,50,50,43.333,40,3.333,3638.54,30,10.99709418,12.351505,71.33333,9.3366667,2.1263333,-0.5366667,0.903575,1,TRUE,FALSE,-7.5,0.7054,Phe 2 > Phe 18,Toxin,4.796,1.0113,7,AbAMP20.pdb
21,AbAMP21,NA-CATH,KRFKKFFKKLKNSVKKRAKKFFKKPKVIGVTFPF,unlikely hemolytic=37.0%,10,weakly soluble=62.0%,4,10,6,7,16,18,15,15,0,11.765,29.412,17.647,20.588,47.059,52.941,44.118,44.118,0,4175.258,34,14.99414224,12.656665,51.47059,17.5264706,2.0302941,-0.7647059,0.8074899,1,TRUE,FALSE,-5972,0.668,Arg 2 > Lys 23,Toxin,5.34,0.7071,6,AbAMP21.pdb
22,AbAMP22,WAM1,KRGFGKKLRKRLKKFRNSIKKRLKNFNVVIPIPLPG,not hemolytic=1.0%,4 to 64,likely soluble=73.0%,4,12,9,3,18,18,14,14,0,11.111,33.333,25,8.333,50,50,38.889,38.889,0,4276.326,36,13.99531244,13.12542,91.94444,31.0916667,2.5997222,-0.8166667,0.7004041,1,TRUE,FALSE,-8.7925,0.6097,Phe 4 > Asn 25,Toxin,8.733,0.99306,4,AbAMP22.pdb
23,AbAMP23,Bactenecin-derivative,RLCRIVVIRVCR,unlikely hemolytic=27.0%,64,weakly soluble=46.0%,2,5,6,0,8,4,4,4,0,16.667,41.667,50,0,66.667,33.333,33.333,33.333,0,1485.919,12,3.874021622,12.02345,170,2.0916667,2.52,1.0333333,0.4330748,1,TRUE,FALSE,-5.91667,-1.513,Leu 2 > Arg 4 ,Toxin,6.626,0.96,9,AbAMP23.pdb
24,AbAMP24,Indolicidin,ILPWKWPWWPWRR,weakly hemolytic=61.0%,2 to 64,is soluble=96.0%,0,3,2,5,10,3,3,3,0,0,23.077,15.385,38.462,76.923,23.077,23.077,23.077,0,1907.299,13,2.997682643,12.516461,60,76.2769231,1.0692308,-1.0692308,0.4486802,1,TRUE,FALSE,-4.373,-3.138,Nil,Toxin,6.758,0.9731,1,AbAMP24.pdb
25,AbAMP25,HNP1,ACYCRIPACIAGERRYGTCIYQGRLWAFCC,not hemolytic=1.0%,50,is soluble=98.0%,14,15,8,5,23,7,5,4,1,46.667,50,26.667,16.667,76.667,23.333,16.667,13.333,3.333,3448.092,30,2.625346639,8.374965,65.33333,55.71,1.0763333,0.3,0.4880441,1,TRUE,FALSE,-4.702,0.444,Ala 8 > Ala 11,Toxin,5.385,0.9723,2,AbAMP25.pdb
26,AbAMP26,HNP2,CYCRIPACIAGERRYGTCIYQGRLWAFCC,not hemolytic=1.0%,50,is soluble=98.0%,13,14,7,5,22,7,5,4,1,44.828,48.276,24.138,17.241,75.862,24.138,17.241,13.793,3.448,3377.014,29,2.625346639,8.374965,64.13793,42.1344828,1.1758621,0.2482759,0.4880441,1,TRUE,FALSE,-4.8749,0.3997,"Pro 6 > Ile 9, Cys 18 > Ile 19, Leu 24 > Trp 25 ",Toxin,3.454,0.97414,2,AbAMP26.pdb
27,AbAMP27,HD5d5,ARARCRRGRAARRRRLRGVCRIRGRLRRLAAR,weakly hemolytic=63.0%,40,is soluble=91.0%,11,12,11,0,16,16,16,16,0,34.375,37.5,34.375,0,50,50,50,50,0,3872.692,32,15.87398189,13.136837,76.5625,103.265625,6.21125,-1.165625,0.639279,1,TRUE,FALSE,-18.481,1.7246,"Arg 2 > Val 19, Gly 24 > Ala 30",Non-Toxin,3.648,0.9934,9,AbAMP27.pdb
28,AbAMP28,HBD-2,GIGDPVTCLKSGAICHPVFCPRRYKQIGTCGLPGTKCCKKP,not hemolytic=1.0%,3.25 to 4.5 ,is soluble=98.0%,17,25,8,3,27,14,9,8,1,41.463,60.976,19.512,7.317,65.854,34.146,21.951,19.512,2.439,4334.236,41,5.715159373,9.187694,64.14634,42.297561,0.9017073,-0.102439,0.5203675,1,TRUE,FALSE,-4.3459,1.57951,Tyr 24 > Ile 27,Toxin,6.247,0.98878,1,AbAMP28.pdb
29,AbAMP29,HBD-3,GIINTLQKYYCRVRGGRCAVLSCLPKEEQIGKCSTRGRKCCRRKK,not hemolytic=1.0%,4 to 16,is soluble=98.0%,16,20,9,2,23,22,15,13,2,35.556,44.444,20,4.444,51.111,48.889,33.333,28.889,4.444,5161.197,45,10.62619204,10.629029,67.11111,53.1311111,2.878,-0.7,0.6311234,1,TRUE,FALSE,-8.85156,2.11202,Ile 3 > Gln 7,Non-Toxin,5.576,1.00156,1,AbAMP29.pdb
30,AbAMP30,Magainin-2,GIGKFLHSAKKFGKAFVGEIMNS,unlikely hemolytic=32.0%,4.9 to 64,likely soluble=83.0%,8,10,6,4,14,9,6,5,1,34.783,43.478,26.087,17.391,60.87,39.13,26.087,21.739,4.348,2466.927,23,3.089488378,10.802733,72.17391,-0.1043478,0.4191304,0.0826087,0.6862389,1,TRUE,FALSE,-1.29404,0.60152,"Ile 2 > Phe 12, Lys 14 > Asn 22",Toxin,4.701,0.98739,3,AbAMP30.pdb
31,AbAMP31,"(P)PAP-A3, P-Pepsin A-3 (16-40)-P-Pepsin A-3 (41-61)",PIMYKVPLIRKKSLRRTLSERGLLKDPFLKKHNLNPARKYFPQWKAPTL,not hemolytic=0.0%,1.56,likely soluble=85.0%,7,17,13,6,26,23,16,14,2,14.286,34.694,26.531,12.245,53.061,46.939,32.653,28.571,4.082,5889.14294,49,11.08703734,11.77990211,89.59183673,55.07755102,2.077346939,-0.73877551,0.532588696,,,,,,CYSP7>CYSP20,Non-Toxin,8.528723,,9,AbAMP31.pdb
32,AbAMP32,"Aa Cecropin A, Aa Cecropin A2",GGLKKLGKKLEGAGKRVFNAAEKALPVVAGAKALRK,not hemolytic=2.0%,5,is soluble=94.0%,13,18,15,1,23,13,12,10,2,36.111,50,41.667,2.778,63.889,36.111,33.333,27.778,5.556,3675.46894,36,7.999167651,11.55257898,97.77777778,21.74722222,1.013611111,-0.213888889,0.72916661,,,,,,CYSP7>CYSP12,Non-Toxin,7.5924144,,2,AbAMP32.pdb
33,AbAMP33,"AAEL000598-PA, Aedesin",GGLKKLGKKLEGAGKRVFKASEKALPVVVGIKAIGK,not hemolytic=1.0%,2,likely soluble=87.0%,12,17,14,1,23,13,12,10,2,33.333,47.222,38.889,2.778,63.889,36.111,33.333,27.778,5.556,3676.53744,36,7.998875929,11.32720406,108.3333333,10.49722222,0.539166667,-0.022222222,0.719109923,,,,,,CYSP31>CYSP59,Non-Toxin,4.242849,,4,AbAMP33.pdb
34,AbAMP34,Aborycin,CLGIGSCNDFAGCGYAVVCFW,unlikely hemolytic=14.0%,128,is soluble=97.0%,11,15,6,4,18,3,1,0,1,52.381,71.429,28.571,19.048,85.714,14.286,4.762,0,4.762,2185.53264,21,-1.250318494,3.749921836,74.28571429,33.81904762,-0.943333333,1.157142857,0.280636981,,,,,,THRP18>LYSP20,Non-Toxin,8.113666,,1,AbAMP34.pdb
35,AbAMP35,Anoplin,GLLKRIKTLL,unlikely hemolytic=35.0%,64,weakly soluble=64.0%,2,2,5,0,6,4,3,3,0,20,20,50,0,60,40,30,30,0,1154.50494,10,2.99739092,11.82306268,195,24.62,0.305,0.63,0.585640079,,,,,,VALP5>ILEP9,Non-Toxin,3.0936394,,9,AbAMP35.pdb
36,AbAMP36,Arenicin-1,RWCVYAYVRVRGVLVRYRRCW,weakly hemolytic=49.0%,4,weakly soluble=61.0%,4,9,7,5,15,6,6,6,0,19.048,42.857,33.333,23.81,71.429,28.571,28.571,28.571,0,2760.32534,21,5.871463757,11.14655512,92.38095238,63.76190476,2.611904762,-0.071428571,0.544296618,,,,,,CYSP4>CYSP18,Toxin,5.567035,,1,AbAMP36.pdb
37,AbAMP37,"As Cathelicidin 4, As-CATH4",RRGLFKKLRRKIKKGFKKIFKRLPPVGVGVSIPLAGRR,not hemolytic=1.0%,4.69,likely soluble=70.0%,7,13,11,3,22,16,15,15,0,18.421,34.211,28.947,7.895,57.895,42.105,39.474,39.474,0,4402.53054,38,14.99560085,13.29133502,97.36842105,53.31315789,2.374473684,-0.494736842,0.935801603,,,,,,CYSP10>CYSP22,Non-Toxin,7.585213,,4,AbAMP37.pdb
38,AbAMP38,"As Cathelicidin 5, As-CATH5",TRRKFWKKVLNGALKIAPFLLG,not hemolytic=2.0%,18.75,weakly soluble=50.0%,5,8,8,3,14,8,6,6,0,22.727,36.364,36.364,13.636,63.636,36.364,27.273,27.273,0,2557.16964,22,5.996797541,12.559571,110.9090909,30.82272727,0.855454545,0.045454545,0.709517945,,,,,,CYSP9>ARGP15,Toxin,5.3287597,,3,AbAMP38.pdb
39,AbAMP39,"As Cathelicidin 6, As-CATH6",TRWLWLLRGGLKAAGWGIRAHLNRNQ,unlikely hemolytic=20.0%,less than 200,weakly soluble=62.0%,8,10,9,4,16,10,6,6,0,30.769,38.462,34.615,15.385,61.538,38.462,23.077,23.077,0,3044.56384,26,5.088585111,12.98094072,101.5384615,51.94230769,1.753076923,-0.45,0.526025792,,,,,,ASNP11>ILEP14,Toxin,5.956726,,2,AbAMP39.pdb
40,AbAMP40,Astacidin PcAst-1a,SNGYRPAYRPAYRPSYRP,not hemolytic=0.0%,less than 32,is soluble=98.0%,5,10,2,4,11,7,4,4,0,27.778,55.556,11.111,22.222,61.111,38.889,22.222,22.222,0,2171.40574,18,3.994569397,10.55749807,11.11111111,33.7,3.84,-1.75,0.716960786,,,,,,LYSP13>CYSP17,Non-Toxin,8.354965,,8,AbAMP40.pdb
41,AbAMP41,Astacidin PcAst-1b/c,SNVYRPPPYRPVYRPLRRPGYRP,not hemolytic=1.0%,2,is soluble=98.0%,2,12,3,4,15,8,6,6,0,8.696,52.174,13.043,17.391,65.217,34.783,26.087,26.087,0,2857.31964,23,5.994562775,11.83773722,42.17391304,70.17826087,3.746956522,-1.560869565,0.926585678,,,,,,ILEP2>ILEP6,Non-Toxin,9.226021,,4,AbAMP41.pdb
42,AbAMP42,Astacidin PcAst-2,FYPRPYRPPYLPDPRPFPRPLPAFGHEFRRH,not hemolytic=0.0%,8,likely soluble=81.0%,2,13,3,9,21,10,10,8,2,6.452,41.935,9.677,29.032,67.742,32.258,32.258,25.806,6.452,3877.47744,31,4.179452978,11.14246617,28.38709677,95.80967742,2.912258065,-1.293548387,0.688823138,,,,,,LEUP9>ILEP13,Non-Toxin,11.665668,,3,AbAMP42.pdb
43,AbAMP43,Bicarinalin ,KIKIPWGKVKDFLVGGMKAV,not hemolytic=9.0%,4,weakly soluble=54.0%,4,9,7,2,14,6,6,5,1,20,45,35,10,70,30,30,25,5,2214.78394,20,3.996955614,10.97759398,107,-23.075,-0.135,0.26,0.44538789,,,,,,CYSP7>CYSP23,Toxin,5.279998,,5,AbAMP43.pdb
44,AbAMP44,Bombinin-H2,IIGPVLGLVGSALGGLLKKI,weakly hemolytic=48.0%,12.5,weakly soluble=46.0%,7,10,11,0,17,3,2,2,0,35,50,55,0,85,15,10,10,0,1918.43704,20,1.997394232,10.80539353,190,12.565,-1.9725,1.525,0.488596721,,,,,,SERP34>GLNP36,Toxin,4.830743,,4,AbAMP44.pdb
45,AbAMP45,Bombinin-H5,IGPVLGLVGSALGGLLKKI,weakly hemolytic=58.0%,12.5,weakly soluble=53.0%,7,10,10,0,16,3,2,2,0,36.842,52.632,52.632,0,84.211,15.789,10.526,10.526,0,1805.27764,19,1.997394232,10.80539353,179.4736842,12.7,-1.817368421,1.368421053,0.488596721,,,,,,CYSP15>CYSP29,Toxin,4.639694,,5,AbAMP45.pdb
46,AbAMP46,BP100,KKLFKKILKYL,unlikely hemolytic=17.0%,4,unlikely soluble=27.0%,0,0,4,2,6,5,5,5,0,0,0,36.364,18.182,54.545,45.455,45.455,45.455,0,1421.87594,11,4.995658716,11.0169575,141.8181818,-10.21818182,0.475454545,-0.190909091,0.82121227,,,,,,ALAP22>VALP26,Toxin,3.4433715,,8,AbAMP46.pdb
47,AbAMP47,BP202,KRLFRKILKYL,unlikely hemolytic=17.0%,4.5,unlikely soluble=30.0%,0,0,4,2,6,5,5,5,0,0,0,36.364,18.182,54.545,45.455,45.455,45.455,0,1477.90274,11,4.996242161,11.76842047,141.8181818,40.8,2.179090909,-0.3,0.981597907,,,,,,THRP25>VALP27,Toxin,3.370385,,8,AbAMP47.pdb
48,AbAMP48,BP214,KKLFKKILRYL,not hemolytic=4.0%,2,unlikely soluble=26.0%,0,0,4,2,6,5,5,5,0,0,0,36.364,18.182,54.545,45.455,45.455,45.455,0,1449.88934,11,4.995950438,11.28114547,141.8181818,8.154545455,1.327272727,-0.245454545,0.914843063,,,,,,CYSP14>CYSP23,Toxin,3.2738354,,7,AbAMP48.pdb
49,AbAMP49,BR001,KWKLFKKIEKVGQNIRDGIIKAGPAVAVVGQATQIAK,not hemolytic=0.0%,0.5 to 32,weakly soluble=55.0%,10,17,15,2,22,15,10,8,2,27.027,45.946,40.541,5.405,59.459,40.541,27.027,21.622,5.405,4004.82144,37,5.998137358,11.18477985,108.1081081,16.52432432,0.846756757,-0.072972973,0.795292803,,,,,,LEUP16>ILEP21,Non-Toxin,6.200132,,5,AbAMP49.pdb
50,AbAMP50,BR002,GWLKKIGKKIERVGQHTRDATIQGLGIAQQAANVAATAR,not hemolytic=1.0%,10,likely soluble=89.0%,15,19,15,2,21,18,10,8,2,38.462,48.718,38.462,5.128,53.846,46.154,25.641,20.513,5.128,4156.80714,39,5.089924928,11.72178448,92.82051282,17.28205128,1.701538462,-0.38974359,0.935634289,,,,,,ARGP4>CYSP15,Non-Toxin,8.599554,,7,AbAMP50.pdb
51,AbAMP51,aHylin a1-15K,IAKAILPLALKALKKLIK ,unlikely hemolytic=30.0%,1 to 2 ,weakly soluble=48.0%,3,4,11,0,12,5,5,5,0,17.647,23.529,64.706,0,70.588,29.412,29.412,29.412,0,1874.51404,17,4.99650913,11.40290331,201.1764706,7.1,-1.002352941,0.988235294,0.698196169,,,,,,ALAP22>VALP26,Toxin,7.5928216,,4,AbAMP51.pdb
52,AbAMP52,BR005,RGFRKHFNKLVKKVKHTISETAHVAKDTAVIAGSGAAVVAAT,not hemolytic=1.0%,20,weakly soluble=60.0%,17,25,17,5,22,20,13,11,2,40.476,59.524,40.476,11.905,52.381,47.619,30.952,26.19,4.762,4416.15594,42,6.271156353,11.42354596,88.33333333,0.664285714,1.288333333,-0.002380952,0.782246877,,,,,,ILEP14>VALP26,Non-Toxin,9.603994,,5,AbAMP52.pdb
53,AbAMP53,BR029,KWKIFKKIEKAGRNIRDGIIKAGPAVSVVGEAATIYKTG,not hemolytic=0.0%,20,weakly soluble=50.0%,13,19,14,3,23,16,12,9,3,33.333,48.718,35.897,7.692,58.974,41.026,30.769,23.077,7.692,4215.01094,39,5.999058755,10.9441774,95.12820513,21.53076923,1.170512821,-0.176923077,0.909550151,,,,,,ASPP2>LYSP5,Non-Toxin,6.736273,,5,AbAMP53.pdb
54,AbAMP54,BR030,KWKFYKKIERVGQNIRDGIIKAGPAVQVVGQQPRYIKENRFYS,not hemolytic=1.0%,less than 20,weakly soluble=53.0%,7,16,11,6,23,20,13,10,3,16.279,37.209,25.581,13.953,53.488,46.512,30.233,23.256,6.977,5109.95844,43,6.997646338,10.89406584,76.97674419,41.69767442,2.28255814,-0.809302326,0.846553462,,,,,,ILEP3>PHEP7,Non-Toxin,10.383019,,9,AbAMP54.pdb
55,AbAMP55,BR031,GWLRDFGKRIERVGQHTRDATIQAIGVAQQAANVAATVRG,not hemolytic=0.0%,less than 20,likely soluble=75.0%,15,22,15,3,22,18,10,7,3,37.5,55,37.5,7.5,55,45,25,17.5,7.5,4318.87144,40,3.091249891,11.93440526,85.5,34.5475,2.17625,-0.3275,0.944124673,,,,,,ASNP21>ALAP24,Non-Toxin,8.579518,,6,AbAMP55.pdb
56,AbAMP56,BR032,GWLKKIGKKIERVGQHTRDATIQVLGVAQQAANVGPATARG,not hemolytic=1.0%,20,likely soluble=84.0%,15,22,15,2,23,18,10,8,2,36.585,53.659,36.585,4.878,56.098,43.902,24.39,19.512,4.878,4325.00274,41,5.089924928,11.72178448,90.48780488,17.71463415,1.562682927,-0.368292683,0.935634289,,,,,,GLUP7>ILEP10,Non-Toxin,9.067685,,6,AbAMP56.pdb
57,AbAMP57,BR033,GWLKKIGKKIERVGQHTRDATIQTIGVAQQAANVAATLKG,not hemolytic=0.0%,4 to 8,likely soluble=83.0%,15,20,15,2,21,19,10,8,2,37.5,50,37.5,5,52.5,47.5,25,20,5,4257.95264,40,5.089633205,11.33632829,95.25,14.9775,1.43325,-0.3225,0.935634289,,,,,,CYSP3>CYSP30,Non-Toxin,8.779697,,7,AbAMP57.pdb
58,AbAMP58,BR034,GWLKKFGKKIERVGQHTRDATIQAIGVAQQAANVAATLKG,not hemolytic=0.0%,20,likely soluble=84.0%,15,20,15,3,22,18,10,8,2,37.5,50,37.5,7.5,55,45,25,20,5,4261.94354,40,5.089633205,11.33632829,88,17.1,1.37225,-0.3025,0.922169842,,,,,,ASNP19>ILEP23,Non-Toxin,8.588952,,6,AbAMP58.pdb
59,AbAMP59,BR035,GWLKKIGKKIERVGQHTRDASIQAIGIAQQAANVAATARG,not hemolytic=1.0%,10,likely soluble=85.0%,16,20,16,2,22,18,10,8,2,40,50,40,5,55,45,25,20,5,4213.85904,40,5.089924928,11.72178448,93,14.9775,1.6345,-0.32,0.935634289,,,,,,LYSP12>THRP17,Non-Toxin,8.848786,,7,AbAMP59.pdb
60,AbAMP60,BR036,GWLKKIGKKIERVGQHTRDATIQVLGVAQQAANVAATARG,not hemolytic=1.0%,20,likely soluble=84.0%,15,21,16,2,22,18,10,8,2,37.5,52.5,40,5,55,45,25,20,5,4241.91294,40,5.089924928,11.72178448,95.25,15.215,1.58,-0.2825,0.935634289,,,,,,CYSP11>CYSP19,Non-Toxin,8.484047,,7,AbAMP60.pdb
61,AbAMP61,BR037,GLVKKIGKKIERVGQHTRDASIQAIGIAQQAANVAATARG,not hemolytic=0.0%,20,likely soluble=87.0%,16,21,17,1,22,18,10,8,2,40,52.5,42.5,2.5,55,45,25,20,5,4126.77844,40,5.089924928,11.72178448,100.25,10.21,1.59175,-0.1925,0.937325623,,,,,,ALAA35>LEUA39,Non-Toxin,8.740082,,7,AbAMP61.pdb
62,AbAMP62,BR043,AGFRKRFNKLVKKVKHTIKETANVSKDVAIVAGSGVAVGAAMG,not hemolytic=1.0%,4 to 16,likely soluble=86.0%,16,26,17,3,25,18,12,10,2,37.209,60.465,39.535,6.977,58.14,41.86,27.907,23.256,4.651,4455.29164,43,7.089043138,11.49385132,90.69767442,7.91627907,1.055348837,0.088372093,0.781332025,,,,,,ILEP2>ILEP6,Non-Toxin,9.219052,,6,AbAMP62.pdb
63,AbAMP63,BR044,GFRKRFNKLVKKVKHTIKETANVSKDVAIVAGSGVAVGAAMG,not hemolytic=0.0%,less than 20,likely soluble=84.0%,15,25,16,3,24,18,12,10,2,35.714,59.524,38.095,7.143,57.143,42.857,28.571,23.81,4.762,4384.21284,42,7.089043138,11.49385132,90.47619048,7.866666667,1.123571429,0.047619048,0.781332025,,,,,,CYSP20>CYSP38,Non-Toxin,9.225402,,5,AbAMP63.pdb
64,AbAMP64,Bthepc,QSHLSLCRWCCNCCHNKGCGFCCKF,unlikely hemolytic=32.0%,49.42,is soluble=98.0%,12,14,2,5,15,10,5,5,0,48,56,8,20,60,40,20,20,0,2881.42724,25,2.683411375,8.216727349,31.2,77.524,1.2284,0.028,0.487545598,,,,,,CYSP1>CYSP13,Toxin,4.361869,,1,AbAMP64.pdb
65,AbAMP65,C18G,ALWKKLLKKLLKSAKKLG,likely hemolytic=89.0%,3.87,likely soluble=80.0%,4,4,8,1,10,8,7,7,0,22.222,22.222,44.444,5.556,55.556,44.444,38.889,38.889,0,2066.69124,18,6.995919062,11.57867825,141.1111111,-0.983333333,0.324444444,-0.166666667,0.79269314,,,,,,CYSP3>CYSP34,Toxin,4.526795,,4,AbAMP65.pdb
66,AbAMP66,C18G-Arg,ALWRRLLRRLLRSARRLG,unlikely hemolytic=40.0%,8.48,likely soluble=79.0%,4,4,8,1,10,8,7,7,0,22.222,22.222,44.444,5.556,55.556,44.444,38.889,38.889,0,2262.78504,18,6.99796112,13.27818175,141.1111111,163.8777778,3.968333333,-0.4,1.131748227,,,,,,CYSP19>THRP27,Non-Toxin,4.638431,,6,AbAMP66.pdb
67,AbAMP67,C18G-His,ALWHHLLHHLLHSAHHLG,not hemolytic=1.0%,less than 31 ,unlikely soluble=29.0%,4,4,8,8,10,8,7,7,0,22.222,22.222,44.444,44.444,55.556,44.444,38.889,38.889,0,2129.46024,18,0.634347936,8.01640849,141.1111111,31.03888889,-0.021666667,0.105555556,0.444278991,,,,,,CYSP11>CYSP26,Non-Toxin,4.2678094,,7,AbAMP67.pdb
68,AbAMP68,C20,KKIMRTFLRRISKDILTGKK,not hemolytic=2.0%,8,weakly soluble=40.0%,4,5,5,1,8,12,9,8,1,20,25,25,5,40,60,45,40,5,2433.04334,20,6.99694568,12.29639851,97.5,47.065,2.945,-0.665,0.864267471,,,,,,CYSP3>CYSP16,Non-Toxin,4.716247,,9,AbAMP68.pdb
69,AbAMP69,C20-DK,KKIMRTFLRRISKKILTGKK,not hemolytic=2.0%,8,weakly soluble=42.0%,4,4,5,1,8,12,9,9,0,20,20,25,5,40,60,45,45,0,2446.12884,20,8.996204162,12.83713496,97.5,42.82,2.7865,-0.685,0.864267471,,,,,,CYSP5>CYSP48,Toxin,4.8265114,,9,AbAMP69.pdb
70,AbAMP70,CATH_BRALE ,RRSKARGGSRGSKMGRKDSKGGSRGRPGSGSRPGGGSSIAGASRGDRGGTRNA,not hemolytic=0.0%,4.69,is soluble=91.0%,31,36,5,0,24,29,17,15,2,58.491,67.925,9.434,0,45.283,54.717,32.075,28.302,3.774,5200.67324,53,12.99766071,12.9318467,14.90566038,63.86415094,4.102264151,-1.51509434,0.739697242,,,,,,CYSP15>CYSP21,Non-Toxin,17.90658,,9,AbAMP70.pdb
71,AbAMP71,"Cathelicidin 4, buCATHL4B",AIPWIWIWRLLRKG,weakly hemolytic=45.0%,3.75,likely soluble=79.0%,2,3,6,3,11,3,3,3,0,14.286,21.429,42.857,21.429,78.571,21.429,21.429,21.429,0,1808.24834,14,2.997682643,12.51646088,146.4285714,12.86428571,0.075,0.378571429,0.65327672,,,,,,VALP5>LEUP10,Toxin,3.9485235,,2,AbAMP71.pdb
72,AbAMP72,α-Helical-26 (A12L/A20L),KWKSFLKTFKSLKKTVLHTLLKAISS ,not hemolytic=1.0%,0.5 to 1.0,weakly soluble=61.0%,8,9,8,4,11,15,8,8,0,30.769,34.615,30.769,15.385,42.308,57.692,30.769,30.769,0,3033.73734,26,7.086828153,11.57868258,105,3.292307692,0.813846154,-0.061538462,0.686001572,,,,,,CYSP7>CYSP15,Non-Toxin,8.811999,,5,AbAMP72.pdb
73,AbAMP73,"Cathelicidin CATH2, Cc-CATH2",LVQRGRFGRFLKKVRRFIPKVIIAAQIGSRFG,not hemolytic=2.0%,1.3 to 2.5,weakly soluble=51.0%,7,11,11,4,20,12,9,9,0,21.875,34.375,34.375,12.5,62.5,37.5,28.125,28.125,0,3715.54464,32,8.99707933,13.20514992,106.5625,22.09375,1.8659375,0.103125,0.959916988,,,,,,CYSP14>CYSP22,Toxin,7.484239,,7,AbAMP73.pdb
74,AbAMP74,"Cathelicidin CATH3, Cc-CATH3",RVRRFWPLVPVAINTVAAGINLYKAIRRK,not hemolytic=2.0%,1.4,weakly soluble=50.0%,6,14,13,3,19,10,7,7,0,20.69,48.276,44.828,10.345,65.517,34.483,24.138,24.138,0,3379.10734,29,6.996527261,12.6863866,121.0344828,56.5862069,1.635862069,0.14137931,0.652589391,,,,,,CYSP9>CYSP29,Toxin,6.8359056,,3,AbAMP74.pdb
75,AbAMP75,"Cathelicidin CATH3, Pc-CATH1",RIKRFWPVVIRTVVAGYNLYRAIKKK,unlikely hemolytic=11.0%,0.74 to 1.48,weakly soluble=49.0%,4,10,10,4,16,10,8,8,0,15.385,38.462,38.462,15.385,61.538,38.462,30.769,30.769,0,3175.90654,26,7.99509009,12.13060377,112.3076923,13.26153846,1.756153846,-0.107692308,0.813824623,,,,,,LEUP32>ILEP35,Toxin,6.2595673,,4,AbAMP75.pdb
76,AbAMP76,Cathelicidin Ps-CATH1,RRSRSPRRKWTWKPRRRGSYTLISQGGNKGKH,not hemolytic=2.0%,Nil,is soluble=96.0%,10,13,2,4,11,21,13,13,0,31.25,40.625,6.25,12.5,34.375,65.625,40.625,40.625,0,3894.47244,32,12.08683635,12.98507734,24.375,116.046875,4.969375,-2.0625,0.524392958,,,,,,CYSP9>CYSP14,Non-Toxin,9.137351,,9,AbAMP76.pdb
77,AbAMP77,Cathelicidin Ps-CATH3,TRSRWRRFTRRAGGFIRKNRWNIISTALKWIG,not hemolytic=1.0%,Nil,weakly soluble=56.0%,10,12,7,5,15,17,10,10,0,31.25,37.5,21.875,15.625,46.875,53.125,31.25,31.25,0,3961.64584,32,9.997367741,13.3479221,67.1875,119.828125,3.570625,-0.85625,0.851725828,,,,,,ILEP2>METP7,Non-Toxin,7.1126275,,8,AbAMP77.pdb
78,AbAMP78,Cathelicidin Ps-CATH4,TRGRWGRFKRRAGRFIRRNRWQIISTGLKLIG,not hemolytic=2.0%,Nil,weakly soluble=49.0%,9,10,7,4,16,16,11,11,0,28.125,31.25,21.875,12.5,50,50,34.375,34.375,0,3913.64814,32,10.99736443,13.40549344,76.25,76.78125,3.7328125,-0.884375,1.040526309,,,,,,ILEP13>PHEP17,Non-Toxin,6.729288,,8,AbAMP78.pdb
79,AbAMP79,Cathelicidin Ps-CATH5,ASLLSLALMSQTTPIHPTPNYRTAWFLFSGLLGSAGVLFFLEAPTEVRSGG,not hemolytic=0.0%,Nil,is soluble=90.0%,21,28,17,7,33,18,5,3,2,41.176,54.902,33.333,13.725,64.706,35.294,9.804,5.882,3.922,5424.25924,51,0.091586599,7.544326308,97.64705882,39.32352941,0.118823529,0.47254902,0.399410621,,,,,,CYSP14>CYSP22,Non-Toxin,13.54214,,9,AbAMP79.pdb
80,AbAMP80,Cathelicidin Ps-CATH6,KKPSKKPKPQAMTFPKVTVEYFPASFSTAALTVPED,not hemolytic=1.0%,Nil,likely soluble=87.0%,11,21,8,4,19,17,9,6,3,30.556,58.333,22.222,11.111,52.778,47.222,25,16.667,8.333,3967.63614,36,2.999360412,10.28868689,46.11111111,43.62777778,1.284166667,-0.544444444,0.353516422,,,,,,CYSP31>CYSP37,Non-Toxin,13.70482,,10,AbAMP80.pdb
81,AbAMP81,Am23SK,SCRFSGGYCIWNWERCRSGHFLVALCPFRKRCCK ,not hemolytic=1.0%,2,is soluble=98.0%,13,16,5,7,21,13,9,8,1,38.235,47.059,14.706,20.588,61.765,38.235,26.471,23.529,2.941,4070.82294,34,5.717363179,9.214344909,45.88235294,51.79705882,2.042352941,-0.214705882,0.412297921,,,,,,CYSP19>CYSP36,Toxin,8.003715,,1,AbAMP81.pdb
82,AbAMP82,Bactenecin,LCRIVVIRVCR ,not hemolytic=2.0%,64,weakly soluble=46.0%,2,5,6,0,8,3,3,3,0,18.182,45.455,54.545,0,72.727,27.273,27.273,27.273,0,1329.73134,11,2.874024934,10.51794041,185.4545455,1.372727273,1.392727273,1.536363636,0.417586476,,,,,,ILEP19>ALAP27,Toxin,6.3202,,8,AbAMP82.pdb
83,AbAMP83,"Cathelicidin, EA-CATH1",KRRGSVTTRYQFLMIHLLRPKKLFA,not hemolytic=0.0%,4.7,weakly soluble=46.0%,5,7,7,4,13,12,8,8,0,20,28,28,16,52,48,32,32,0,3060.74654,25,7.087144629,12.52575096,93.6,49.676,2.2204,-0.348,0.406830109,,,,,,ASNP1>LYSP4,Toxin,10.009824,,7,AbAMP83.pdb
84,AbAMP84,"Cathelicidin-3.4, ChBac3.4",RFRLPFRRPPIRIHPPPFYPPFRRFL,not hemolytic=0.0%,1.6,weakly soluble=68.0%,0,8,4,7,18,8,8,8,0,0,30.769,15.385,26.923,69.231,30.769,30.769,30.769,0,3377.09904,26,7.088019797,12.89845171,60,141.2692308,2.871538462,-0.7,0.607452849,,,,,,CYSP10>CYSP22,Toxin,10.009639,,6,AbAMP84.pdb
85,AbAMP85,"Cathelicidin-5, myeloid antimicrobial peptide BMAP-28",GGLRSLGRKILRAWKKYGPIIVPIIRI,is hemolytic=98.0%,5 to 10,likely soluble=76.0%,6,9,11,2,19,8,7,7,0,22.222,33.333,40.741,7.407,70.37,29.63,25.926,25.926,0,3074.84194,27,6.996235538,12.52575049,144.4444444,49.57407407,0.875925926,0.255555556,0.946898408,,,,,,VALP5>PHEP9,Non-Toxin,6.3557014,,3,AbAMP85.pdb
86,AbAMP86,"Cathelicidin-like peptide, Batroxicidin",KRFKKFFKKLKNSVKKRVKKFFRKPRVIGVTFPF,weakly hemolytic=42.0%,16,weakly soluble=61.0%,3,10,6,7,16,18,15,15,0,8.824,29.412,17.647,20.588,47.059,52.941,44.118,44.118,0,4259.33814,34,14.99472568,13.01650118,57.05882353,21.37941176,2.515882353,-0.729411765,0.819005604,,,,,,CYSP6>CYSP13,Toxin,8.665824,,6,AbAMP86.pdb
87,AbAMP87,"Cathelicidin-like peptide, Crotalicidin",KRFKKFFKKVKKSVKKRLKKIFKKPMVIGVTIPF,unlikely hemolytic=14.0%,16,weakly soluble=57.0%,3,9,8,5,17,17,15,15,0,8.824,26.471,23.529,14.706,50,50,44.118,44.118,0,4152.36574,34,14.99414224,12.65666453,80,4.320588235,1.586176471,-0.435294118,0.821023908,,,,,,ILEP19>SERP27,Toxin,8.556088,,6,AbAMP87.pdb
88,AbAMP88,"Cathelicidin-OH antimicrobial peptide, Oh_CRAMP",KRFKKFFKKLKNSVKKRAKKFFKKPRVIGVSIPF,not hemolytic=0.0%,1.56 to 12.5,weakly soluble=62.0%,4,10,7,6,16,18,15,15,0,11.765,29.412,20.588,17.647,47.059,52.941,44.118,44.118,0,4155.22684,34,14.99443396,12.86905398,62.94117647,10.16176471,2.273235294,-0.735294118,0.807489931,,,,,,TRPP21>GLNP25,Toxin,8.679053,,4,AbAMP88.pdb
89,AbAMP89,Cathelicidin-RC1,KKCKFFCKVKKKIKSIGFQIPIVSIPFK,not hemolytic=0.0%,less than 200,weakly soluble=66.0%,5,9,7,4,16,12,9,9,0,17.857,32.143,25,14.286,57.143,42.857,32.143,32.143,0,3284.20074,28,8.871379563,11.10279431,90.35714286,-4.060714286,0.506785714,0.117857143,0.68217036,,,,,,LYSP14>VALP18,Toxin,6.899181,,2,AbAMP89.pdb
90,AbAMP90,Cathelicidin-RC2,KKCGFFCKLKNKLKSTGSRSNIAAGTHGGTFRV,not hemolytic=2.0%,less than 200,is soluble=93.0%,15,18,6,4,16,17,9,9,0,45.455,54.545,18.182,12.121,48.485,51.515,27.273,27.273,0,3543.16874,33,7.963167133,11.42450277,50.3030303,35.66666667,1.829393939,-0.478787879,0.470332752,,,,,,ILEP3>ARGP8,Non-Toxin,9.210788,,2,AbAMP90.pdb
91,AbAMP91,"Cathelicidin-related antimicrobial peptide isoform, Pt_CRAMP1",KRFKKFFMKLKKSVKKRVMKFFKKPMVIGVTFPF,weakly hemolytic=47.0%,16,unlikely soluble=39.0%,3,9,6,7,19,15,13,13,0,8.824,26.471,17.647,20.588,55.882,44.118,38.235,38.235,0,4226.43714,34,12.9947323,12.6379935,57.05882353,22.22647059,1.235588235,-0.194117647,0.792632878,,,,,,CYSP3>CYSP7,Toxin,8.49153,,7,AbAMP91.pdb
92,AbAMP92,BmKn1,FIGAVAGLLSKIF ,likely hemolytic=80.0%,less than 40,unlikely soluble=33.0%,5,6,7,2,11,2,1,1,0,38.462,46.154,53.846,15.385,84.615,15.385,7.692,7.692,0,1335.65234,13,0.997689266,9.700015683,157.6923077,-3.830769231,-2.017692308,1.884615385,0.409135384,,,,,,ASNP1>LYSP4,Non-Toxin,6.835382,,5,AbAMP92.pdb
93,AbAMP93,BR003-cecropin A,GGLKKLGKKLEGAGKRVFNAAEKALPVVAGAKALRK ,not hemolytic=2.0%,5,is soluble=94.0%,13,18,15,1,23,13,12,10,2,36.111,50,41.667,2.778,63.889,36.111,33.333,27.778,5.556,3675.46894,36,7.999167651,11.55257898,97.77777778,21.74722222,1.013611111,-0.213888889,0.72916661,,,,,,CYSP20>CYSP38,Non-Toxin,8.699406,,2,AbAMP93.pdb
94,AbAMP94,"Cecropin Sb, SibaCec",GKLTKDKLKRGAKKALNVASKVAPIVAAGASIAR,not hemolytic=2.0%,2.33,is soluble=91.0%,14,20,16,0,20,14,10,9,1,41.176,58.824,47.059,0,58.824,41.176,29.412,26.471,2.941,3432.16044,34,7.996358924,11.96317944,106.4705882,-0.011764706,1.158823529,-0.029411765,0.76048433,,,,,,ASNP19>GLNP22,Non-Toxin,8.081445,,3,AbAMP94.pdb
95,AbAMP95,"Cecropin-B, Cecropin XJ",RWKIFKKIEKMGRNIRDGIVKAGPAIEVLGSAKAI,not hemolytic=0.0%,7.04,weakly soluble=49.0%,9,14,13,2,21,14,12,9,3,25.714,40,37.143,5.714,60,40,34.286,25.714,8.571,3894.72684,35,6.000200892,11.39458024,106,67.26571429,1.407428571,-0.134285714,0.910460367,,,,,,LEUP18>LEUP24,Toxin,6.6598268,,5,AbAMP95.pdb
96,AbAMP96,CecropinXJ ,RWKIFKKIEKMGRNIRDGIVKAGPAIEVLGSAKAIGK,not hemolytic=1.0%,Nil,weakly soluble=52.0%,10,15,13,2,22,15,13,10,3,27.027,40.541,35.135,5.405,59.459,40.541,35.135,27.027,8.108,4079.95284,37,6.999905858,11.46245377,100.2702703,61.87567568,1.455945946,-0.243243243,0.910460367,,,,,,CYSP14>CYSP22,Non-Toxin,7.303202,,5,AbAMP96.pdb
97,AbAMP97,CL-Defensin,ATCDLFSFQSKWVTPNHAACAAHCTARGNRGGRCKKAVCHCRK,not hemolytic=3.0%,less than 100,is soluble=98.0%,21,27,10,6,23,20,12,11,1,48.837,62.791,23.256,13.953,53.488,46.512,27.907,25.581,2.326,4692.43134,43,6.89811638,9.784144859,38.8372093,40.86976744,2.173255814,-0.446511628,0.545425589,,,,,,ALAA10>LEUA14,Toxin,5.6931577,,1,AbAMP97.pdb
98,AbAMP98,CLP-19,CRKPTFRRLKWKIKFKFKC,not hemolytic=1.0%,80.3552,is soluble=92.0%,3,4,2,4,9,10,9,9,0,15.789,21.053,10.526,21.053,47.368,52.632,47.368,47.368,0,2514.18354,19,8.872254731,11.82294475,41.05263158,12.92105263,2.997894737,-0.968421053,0.517328095,,,,,,ILEP2>METP7,Toxin,4.6303706,,2,AbAMP98.pdb
99,AbAMP99,CMB001,WKSQFCPGCVGVLQCFIQACNCHIK,not hemolytic=1.0%,10,is soluble=98.0%,9,13,6,4,17,8,3,3,0,36,52,24,16,68,32,12,12,0,2813.38174,25,1.778429743,8.219472251,74,69.248,0.048,0.48,0.44030674,,,,,,CYSP3>CYSP30,Toxin,4.821915,,1,AbAMP99.pdb
100,AbAMP100,CMB001,WKQFPGVGVLQFIQANAHIK,not hemolytic=1.0%,10,weakly soluble=52.0%,4,8,7,4,13,7,3,3,0,20,40,35,20,65,35,15,15,0,2281.68834,20,2.088303323,10.80542349,97.5,48.965,0.1195,0.105,0.338283518,,,,,,CYSP7>CYSP19,Toxin,5.0596676,,7,AbAMP100.pdb
101,AbAMP101,Cm-CATH1,RRSIFRKLRRKIKKGLKKGIQHLLAGGRQGLPQGGRPGMI,not hemolytic=0.0%,less than 200,likely soluble=71.0%,10,12,10,2,22,18,14,14,0,25,30,25,5,55,45,35,35,0,4507.51494,40,13.08710001,13.28809623,90.25,64.7625,2.587,-0.8075,0.954856755,,,,,,CYSP24>CYSP42,Non-Toxin,8.689319,,7,AbAMP101.pdb
102,AbAMP102,Cm-CATH2,RRSRFGRFFKKVRKQLGRVLRHSRITVGGRMRF,not hemolytic=0.0%,18.75,weakly soluble=47.0%,7,10,6,5,15,18,14,14,0,21.212,30.303,18.182,15.152,45.455,54.545,42.424,42.424,0,4089.92844,33,13.08797518,13.45745355,61.81818182,62.64545455,4.257878788,-0.893939394,0.860153703,,,,,,CYSP9>CYSP19,Toxin,7.845232,,7,AbAMP102.pdb
103,AbAMP103,Cm-CATH3,TRGRWKRFWRGAGRFFRRHKEKIIRAAVDIVLS,not hemolytic=0.0%,less than 200,weakly soluble=52.0%,8,11,9,6,17,16,14,12,2,24.242,33.333,27.273,18.182,51.515,48.485,42.424,36.364,6.061,4070.81714,33,9.090203405,12.72995778,73.93939394,49.88484848,3.410909091,-0.693939394,1.082914523,,,,,,CYSP7>CYSP20,Non-Toxin,6.7995315,,9,AbAMP103.pdb
104,AbAMP104,Cm-CATH4,MAFPFSTQRINPEIEEGNASLADLPVTHAGSLPGIKAQVRTALGIALLLVA,not hemolytic=1.0%,less than 200,weakly soluble=42.0%,18,28,22,3,33,18,8,4,4,35.294,54.902,43.137,5.882,64.706,35.294,15.686,7.843,7.843,5300.16124,51,-0.905636414,5.617145551,116.8627451,39.78823529,0.36627451,0.441176471,0.500268844,,,,,,CYSP7>CYSP12,Non-Toxin,12.987545,,9,AbAMP104.pdb
105,AbAMP105,CopW,LLWIALRKK,not hemolytic=1.0%,less than 80,weakly soluble=50.0%,1,1,5,1,6,3,3,3,0,11.111,11.111,55.556,11.111,66.667,33.333,33.333,33.333,0,1140.48054,9,2.99739092,11.82306268,184.4444444,56.6,0.244444444,0.5,0.208837485,,,,,,CYSP31>CYSP59,Non-Toxin,3.1400661,,8,AbAMP105.pdb
106,AbAMP106,Ctriporin,FLWGLIPGAISAVTSLIKK,likely hemolytic=90.0%,20 to 40,unlikely soluble=40.0%,7,9,9,2,14,5,2,2,0,36.842,47.368,47.368,10.526,73.684,26.316,10.526,10.526,0,2014.48184,19,1.997394232,10.80539353,148.9473684,1.557894737,-1.257894737,1.163157895,0.544246073,,,,,,THRP18>LYSP20,Toxin,4.7144027,,5,AbAMP106.pdb
107,AbAMP107,"Cu Hepcidin, CuHepc",QSHLSLCRWCCNCCHNKSCGFCCKF,unlikely hemolytic=28.0%,4.338,is soluble=98.0%,12,14,2,5,14,11,5,5,0,48,56,8,20,56,44,20,20,0,2911.45354,25,2.683411375,8.216727349,31.2,93.96,1.402,0.012,0.487545598,,,,,,VALP5>ILEP9,Toxin,4.4039483,,1,AbAMP107.pdb
108,AbAMP108,"Defensin Mdde, Phormicin C",ATCDLLSGTGVGHSACAAHCLLRGNRGGYCNGKGVCVCRN,not hemolytic=1.0%,less than 512,is soluble=98.0%,22,29,11,3,26,14,7,6,1,55,72.5,27.5,7.5,65,35,17.5,15,2.5,3995.57524,40,2.807245288,8.389697025,70.75,14.4825,1.15275,0.1175,0.532568977,,,,,,CYSP4>CYSP18,Toxin,5.2051015,,1,AbAMP108.pdb
109,AbAMP109,"Defensin, isoform C",FTCDVLGFEIAGTKLNSAACGAHCLALGRTGGYCNSKSVCVCR,not hemolytic=0.0%,Nil,likely soluble=81.0%,23,29,13,4,28,15,7,5,2,53.488,67.442,30.233,9.302,65.116,34.884,16.279,11.628,4.651,4398.10334,43,1.717819597,8.118498201,77.20930233,22.69302326,0.63744186,0.458139535,0.366787933,,,,,,CYSP10>CYSP22,Non-Toxin,5.3003345,,1,AbAMP109.pdb
110,AbAMP110,Dicentracin-like peptide,FLRSLLRGAKAIYRGARAGWRG,weakly hemolytic=47.0%,18.75,weakly soluble=49.0%,9,9,8,3,15,7,6,6,0,40.909,40.909,36.364,13.636,68.182,31.818,27.273,27.273,0,2475.93124,22,5.996822295,12.68174803,89.09090909,25.65454545,2.168181818,-0.231818182,0.935009821,,,,,,CYSP9>ARGP15,Toxin,5.320727,,3,AbAMP110.pdb
111,AbAMP111,Distinctin chain 1,ENREVPPGFTALIKTLRKCKII,not hemolytic=0.0%,6.33 to 101.30,likely soluble=86.0%,5,9,7,1,12,10,7,5,2,22.727,40.909,31.818,4.545,54.545,45.455,31.818,22.727,9.091,2527.06664,22,2.938668105,10.50059953,106.3636364,28.09090909,1.647272727,-0.172727273,0.637924317,,,,,,ASNP11>ILEP14,Non-Toxin,5.111548,,8,AbAMP111.pdb
112,AbAMP112,Distinctin chain 2,NLVSGLIEARKYLEQLHRKLKNCKV,not hemolytic=4.0%,5.42 to 43.34,likely soluble=78.0%,4,8,9,2,12,13,9,7,2,16,32,36,8,48,52,36,28,8,2953.54234,25,4.028431748,10.48154756,120.8,23.54,2.042,-0.464,0.758858479,,,,,,LYSP13>CYSP17,Non-Toxin,6.0407543,,6,AbAMP112.pdb
113,AbAMP113,"Dybowskin-2CDYa, Chensinin-1",SAVGRHGRRFGLRKHRKH,not hemolytic=0.0%,less than 100,likely soluble=87.0%,5,6,3,4,7,11,10,10,0,27.778,33.333,16.667,22.222,38.889,61.111,55.556,55.556,0,2155.50554,18,7.270104948,13.10743247,43.33333333,52.18888889,4.806111111,-1.627777778,0.749295174,,,,,,ILEP2>ILEP6,Non-Toxin,8.526839,,8,AbAMP113.pdb
114,AbAMP114,Buforin II,TRSSRAGLQFPVGRVHRLLRK ,not hemolytic=0.0%,0.25 to 39,likely soluble=74.0%,6,9,6,2,10,11,7,7,0,28.571,42.857,28.571,9.524,47.619,52.381,33.333,33.333,0,2434.87944,21,6.0885818,13.10476739,88.0952381,84.1952381,3.343333333,-0.638095238,0.805829174,,,,,,LEUP9>ILEP13,Toxin,6.3183417,,3,AbAMP114.pdb
115,AbAMP115,Esculentin-2CHa ,GFSSIFRGVAKFASKGLGKDLAKLGVDLVACKISKQC,unlikely hemolytic=13.0%,6,is soluble=92.0%,15,20,13,3,23,14,9,7,2,40.541,54.054,35.135,8.108,62.162,37.838,24.324,18.919,5.405,3843.60434,37,4.873154321,10.50606348,97.56756757,15.63783784,0.532972973,0.372972973,0.754707268,,,,,,CYSP7>CYSP23,Non-Toxin,8.176177,,2,AbAMP115.pdb
116,AbAMP116,Frenatin 2D,DLLGTLGNLPLPFI,not hemolytic=0.0%,Nil,unlikely soluble=36.0%,3,7,6,1,11,3,1,0,1,21.429,50,42.857,7.143,78.571,21.429,7.143,0,7.143,1482.78294,14,-1.001569216,3.749972476,167.1428571,38.42857143,-1.175,1.042857143,0.318192365,,,,,,SERP34>GLNP36,Toxin,4.580364,,7,AbAMP116.pdb
117,AbAMP117,"Gramicidin S, GS",VLfPVLfP,not hemolytic=0.0%,10.1,weakly soluble=43.0%,0,4,4,2,8,0,0,0,0,0,50,50,25,100,0,0,0,0,931.18584,8,-0.002015701,6.099982329,170,80.975,-2.985,2.3,0.130883589,,,,,,CYSP15>CYSP29,Non-Toxin,2.4862435,,5,AbAMP117.pdb
118,AbAMP118,H4,KFKKLFKKLSPVIGKEFKRIVERIKRFLR,not hemolytic=0.0%,36.3353,weakly soluble=54.0%,2,5,8,4,14,15,14,12,2,6.897,17.241,27.586,13.793,48.276,51.724,48.276,41.379,6.897,3633.56384,29,9.999161029,12.18940833,100.6896552,30.3862069,2.435862069,-0.5,1.100520775,,,,,,ALAP22>VALP26,Toxin,5.6274605,,3,AbAMP118.pdb
119,AbAMP119,Hainanenin 1 ,FALGAVTKLLPSLLCMITRKC,likely hemolytic=86.0%,18.8,likely soluble=78.0%,8,10,9,1,15,6,3,3,0,38.095,47.619,42.857,4.762,71.429,28.571,14.286,14.286,0,2278.90134,21,2.873441489,9.759879323,134.7619048,31.26190476,-0.545238095,1.166666667,0.543890462,,,,,,THRP25>VALP27,Non-Toxin,5.184574,,1,AbAMP119.pdb
120,AbAMP120,Hainanenin 5 ,FALGAVTKRLPSLFCLITRKC,weakly hemolytic=65.0%,9.4 to 18.8,likely soluble=83.0%,8,10,8,2,14,7,4,4,0,38.095,47.619,38.095,9.524,66.667,33.333,19.048,19.048,0,2337.91344,21,3.873438177,10.78204767,116.1904762,44.47619048,0.36952381,0.814285714,0.571263841,,,,,,CYSP14>CYSP23,Toxin,4.6075263,,1,AbAMP120.pdb
121,AbAMP121,Caerin 1.1,GLLSVLGSVAKHVLPHVVPVIAEHL ,not hemolytic=1.0%,7.5,likely soluble=79.0%,6,14,14,3,18,7,5,4,1,24,56,56,12,72,28,20,16,4,2585.13134,25,0.272191661,7.809585498,171.2,29.696,-1.0448,1.188,0.470594159,,,,,,LEUP16>ILEP21,Toxin,5.185311,,6,AbAMP121.pdb
122,AbAMP122,Hc-CATH,KFFKRLLKSVRRAVKKFRKKPRLIGLSTLL,not hemolytic=1.0%,less than 200,weakly soluble=52.0%,5,8,10,3,15,15,12,12,0,16.667,26.667,33.333,10,50,50,40,40,0,3628.59114,30,11.99590251,13.12038485,113.6666667,25.8,2.287,-0.273333333,0.994692693,,,,,,ARGP4>CYSP15,Toxin,7.061215,,8,AbAMP122.pdb
123,AbAMP123,Hepcidin-20,ICIFCCGCCHRSKCGMCCKT,unlikely hemolytic=28.0%,6.25,is soluble=97.0%,12,12,2,2,14,6,4,4,0,60,60,10,10,70,30,20,20,0,2199.77754,20,2.592502284,8.212718308,39,47.77,0.468,0.795,0.146888015,,,,,,ALAP22>VALP26,Toxin,4.094779,,2,AbAMP123.pdb
124,AbAMP124,HFIAP-1,GFFKKAWRKVKHAGRRVLDTAKGVGRHYVNNWLNRYRZ,unlikely hemolytic=22.0%,8 to 16,likely soluble=89.0%,8,16,9,8,19,19,15,13,2,21.053,42.105,23.684,21.053,50,50,39.474,34.211,5.263,4486.22284,38,10.1770531,12.25722761,58.94736842,19.89210526,2.954473684,-1.005263158,0.877735656,,,,,,ILEP14>VALP26,Non-Toxin,8.800839,,1,AbAMP124.pdb
125,AbAMP125,HFIAP-3 ,GWFKKAWRKVKNAGRRVLKGVGIHYGVGLI,not hemolytic=0.0%,8 to 16,weakly soluble=64.0%,8,13,10,5,20,10,9,9,0,26.667,43.333,33.333,16.667,66.667,33.333,30,30,0,3395.10914,30,8.086557873,12.29956084,97.33333333,25.85333333,1.040333333,-0.18,0.910203029,,,,,,ASPP2>LYSP5,Non-Toxin,6.680391,,2,AbAMP125.pdb
126,AbAMP126,Hp1404,GILGKLWEGVKSIF,unlikely hemolytic=29.0%,3.13,likely soluble=76.0%,4,5,5,2,10,4,3,2,1,28.571,35.714,35.714,14.286,71.429,28.571,21.429,14.286,7.143,1546.87284,14,0.999169354,9.537315374,132.1428571,19.70714286,-0.752857143,0.671428571,0.558091306,,,,,,ILEP3>PHEP7,Toxin,3.7093074,,6,AbAMP126.pdb
127,AbAMP127,H-Tridecaptin B1,GGswSIEVA,not hemolytic=1.0%,less than 100,likely soluble=81.0%,5,6,3,1,6,3,1,0,1,55.556,66.667,33.333,11.111,66.667,33.333,11.111,0,11.111,904.97494,9,-1.000240578,3.849974038,86.66666667,71.42222222,-0.152222222,0.411111111,0.217089099,,,,,,ASNP21>ALAP24,Non-Toxin,4.538994,,9,AbAMP127.pdb
128,AbAMP128,"Human beta-defensin-4, hBD4",EFELDRICGYGTARCRKKCRSQEYRIGRCPNTYACCLRKWDESLLNRTKP,not hemolytic=0.0%,less than 100,is soluble=98.0%,16,22,8,5,24,26,18,12,6,32,44,16,10,48,52,36,24,12,5988.91454,50,5.630371595,9.126958519,50.8,42.034,3.4208,-1.008,0.57720445,,,,,,GLUP7>ILEP10,Toxin,7.2039046,,3,AbAMP128.pdb
129,AbAMP129,Caerin 1.9,GLFGVLGSIAKHVLPHVVPVIAEKL,not hemolytic=0.0%,3.75,weakly soluble=67.0%,6,13,13,3,19,6,5,4,1,24,52,52,12,76,24,20,16,4,2594.18204,25,1.180987536,9.541411665,159.6,29.316,-1.1404,1.148,0.434903593,,,,,,CYSP3>CYSP30,Non-Toxin,8.985687,,4,AbAMP129.pdb
130,AbAMP130,Hydramacin-1 ,QIVDCWETWSRCTKWSQGGTGTLWKSCNDRCKELGRKRGQCEEKPSRCPLSKKAWTCICY,unlikely hemolytic=16.0%,7.1,is soluble=98.0%,24,30,7,6,28,32,18,12,6,40,50,11.667,10,46.667,53.333,30,20,10,7017.07674,60,5.507247824,8.7878026,39,39.20666667,2.572333333,-0.948333333,0.635153606,,,,,,ASNP19>ILEP23,Non-Toxin,6.6653333,,1,AbAMP130.pdb
131,AbAMP131,Hylin-a1,IFGAILPLALGALKNLIK,likely hemolytic=84.0%,2 to 8,unlikely soluble=30.0%,5,7,11,1,15,3,2,2,0,27.778,38.889,61.111,5.556,83.333,16.667,11.111,11.111,0,1865.37594,18,1.997394232,10.80539353,190,11.97777778,-1.772777778,1.5,0.476631004,,,,,,LYSP12>THRP17,Toxin,4.377317,,3,AbAMP131.pdb
132,AbAMP132,I10,KKIMRTFLRR,not hemolytic=1.0%,less than 128,unlikely soluble=29.0%,1,1,2,1,4,6,5,5,0,10,10,20,10,40,60,50,50,0,1348.71904,10,4.997384298,12.81363613,78,81.85,4.326,-0.9,0.820883928,,,,,,CYSP11>CYSP19,Non-Toxin,2.9740918,,8,AbAMP132.pdb
133,AbAMP133,Im-5,FLGSLFSIGSKLLPGVIKLFQRKKQ,likely hemolytic=86.0%,2.5 to 10,weakly soluble=58.0%,6,8,8,3,15,10,5,5,0,24,32,32,12,60,40,20,20,0,2805.44574,25,4.996800853,11.99738708,120.8,16.588,0.3264,0.332,0.678174503,,,,,,ALAA35>LEUA39,Toxin,5.83885,,2,AbAMP133.pdb
134,AbAMP134,Japonicin-1Npa,FLLFPLMCKIQGKC,not hemolytic=1.0%,Nil,weakly soluble=41.0%,3,4,4,2,11,3,2,2,0,21.429,28.571,28.571,14.286,78.571,21.429,14.286,14.286,0,1641.12374,14,1.8734448,8.821666743,111.4285714,10.91428571,-1.060714286,1.078571429,0.320957832,,,,,,ILEP2>ILEP6,Toxin,3.6574352,,3,AbAMP134.pdb
135,AbAMP135,Japonicin-1Npb,FVLPLVMCKILRKC,not hemolytic=2.0%,Nil,weakly soluble=41.0%,2,5,6,1,11,3,3,3,0,14.286,35.714,42.857,7.143,78.571,21.429,21.429,21.429,0,1663.21724,14,2.873441489,9.759879323,152.8571429,44.49285714,-0.687857143,1.435714286,0.547659519,,,,,,CYSP20>CYSP38,Non-Toxin,3.8938007,,4,AbAMP135.pdb
136,AbAMP136,"Lantibiotic NAI-107, Microbisporicin",VSLCPGCTSGGGSNCSFC,not hemolytic=0.0%,128,is soluble=98.0%,13,16,2,1,12,6,0,0,0,72.222,88.889,11.111,5.556,66.667,33.333,0,0,0,1678.88504,18,-0.249914564,5.708303373,37.77777778,50.36666667,0.110555556,0.566666667,0.153867682,,,,,,CYSP1>CYSP13,Non-Toxin,3.9251804,,3,AbAMP136.pdb
137,AbAMP137,Lantibiotic Nisin-A,IILPGKGALMGNMKAHSIHVK,not hemolytic=1.0%,64,unlikely soluble=18.0%,6,9,8,2,14,7,5,5,0,28.571,42.857,38.095,9.524,66.667,33.333,23.81,23.81,0,2215.74654,21,3.17891738,11.10309629,116.1904762,12.15714286,-0.17952381,0.357142857,0.187515451,,,,,,CYSP3>CYSP34,Non-Toxin,5.5266647,,9,AbAMP137.pdb
138,AbAMP138,"Lantibiotic paenibacillin, M152-P4",AIIKIKVKAVCKLCICGCNCK,weakly hemolytic=50.0%,12.5,is soluble=95.0%,8,11,9,0,15,6,5,5,0,38.095,52.381,42.857,0,71.429,28.571,23.81,23.81,0,2251.95524,21,4.686635551,9.160648802,130,-13.43333333,-0.44047619,1.09047619,0.433666878,,,,,,CYSP19>THRP27,Toxin,7.1399713,,1,AbAMP138.pdb
139,AbAMP139,"Latarcin-3a, Ltc-3a",SWKSMAKKLKEYMEKLKQRA,not hemolytic=0.0%,4,is soluble=94.0%,4,4,4,2,8,12,9,7,2,20,20,20,10,40,60,45,35,10,2484.01624,20,4.998910616,10.84003907,49,32.5,2.6915,-1.36,0.635492285,,,,,,CYSP11>CYSP26,Toxin,4.989833,,8,AbAMP139.pdb
140,AbAMP140,"LS-Sarcotoxin, MD-Cecropin",GWLKKIGKKIERVGQHTRDATIQTIGVAQQAANVAATLK,not hemolytic=0.0%,4,likely soluble=86.0%,14,19,15,2,20,19,10,8,2,35.897,48.718,38.462,5.128,51.282,48.718,25.641,20.513,5.128,4200.90074,39,5.089633205,11.33632829,97.69230769,17.28205128,1.494102564,-0.320512821,0.935634289,,,,,,CYSP3>CYSP16,Non-Toxin,8.528844,,6,AbAMP140.pdb
141,AbAMP141,LS-stomoxyn,GFRKRFNKLVKKVKHTIKETANVSKDVAIVAGSGVAVGAAM,not hemolytic=1.0%,4 to 16,likely soluble=85.0%,14,24,16,3,23,18,12,10,2,34.146,58.537,39.024,7.317,56.098,43.902,29.268,24.39,4.878,4327.16094,41,7.089043138,11.49385132,92.68292683,7.814634146,1.173902439,0.058536585,0.781332025,,,,,,CYSP5>CYSP48,Non-Toxin,8.996221,,6,AbAMP141.pdb
142,AbAMP142,Lycosin-II,VWLSALKFIGKHLAKHQLSKL,not hemolytic=0.0%,3.1 to 6.3,weakly soluble=52.0%,5,6,9,4,12,9,6,6,0,23.81,28.571,42.857,19.048,57.143,42.857,28.571,28.571,0,2417.96924,21,4.178622346,11.27837334,134.7619048,3.271428571,0.02047619,0.271428571,0.575912028,,,,,,CYSP15>CYSP21,Toxin,4.98756,,4,AbAMP142.pdb
143,AbAMP143,LyeTx 1,IWLTALKFLGKNLGKHLAKQQLAKL,unlikely hemolytic=31.0%,0.7,weakly soluble=47.0%,6,7,11,3,15,10,6,6,0,24,28,44,12,60,40,24,24,0,2833.50234,25,5.087418221,11.40291081,136.8,18.128,0.0288,0.148,0.630843607,,,,,,VALP5>LEUP10,Toxin,6.166964,,3,AbAMP143.pdb
144,AbAMP144,LysAB2 P0,NPEKALEPLIAIQIAIKGMLNGWFTGVGFRRKR,not hemolytic=0.0%,237.661632,weakly soluble=50.0%,8,13,11,3,21,12,8,6,2,24.242,39.394,33.333,9.091,63.636,36.364,24.242,18.182,6.061,3725.45924,33,4.000639509,11.65059241,100.6060606,36.05757576,1.154848485,-0.078787879,0.418749354,,,,,,CYSP7>CYSP15,Non-Toxin,7.124275,,9,AbAMP144.pdb
145,AbAMP145,LysAB2 P1,EKALEKLIAIQKAIKGMLNGWFTGVGFRRKR,not hemolytic=0.0%,28.48244,weakly soluble=51.0%,8,10,10,3,18,13,10,8,2,25.806,32.258,32.258,9.677,58.065,41.935,32.258,25.806,6.452,3560.31084,31,6.000049442,11.77710129,94.51612903,24.10967742,1.531935484,-0.264516129,0.630442695,,,,,,CYSP14>CYSP22,Non-Toxin,6.9458375,,8,AbAMP145.pdb
146,AbAMP146,LysAB2 P2,EKALEKLIAIQKAIKGMLAGWFTGVGARRKR,not hemolytic=0.0%,55.058912,weakly soluble=51.0%,10,11,12,2,19,12,10,8,2,32.258,35.484,38.71,6.452,61.29,38.71,32.258,25.806,6.452,3441.18804,31,6.000049442,11.77710129,100.9677419,26.21935484,1.297096774,-0.125806452,0.504838922,,,,,,CYSP9>CYSP29,Non-Toxin,7.0635643,,8,AbAMP146.pdb
147,AbAMP147,LysAB2 P3,NPEKALEKLIAIQKAIKGMLNGWFTGVGFRRKR,not hemolytic=0.0%,30.124208,weakly soluble=63.0%,8,12,10,3,19,14,10,8,2,24.242,36.364,30.303,9.091,57.576,42.424,30.303,24.242,6.061,3771.53134,33,6.000049442,11.77710129,88.78787879,27.64848485,1.64030303,-0.403030303,0.630442695,,,,,,LEUP32>ILEP35,Non-Toxin,7.1033797,,8,AbAMP147.pdb
148,AbAMP148,Mastoparan B,LKLKSIVSWAKKVL,unlikely hemolytic=37.0%,1.7,weakly soluble=52.0%,3,5,7,1,8,6,4,4,0,21.429,35.714,50,7.143,57.143,42.857,28.571,28.571,0,1613.06284,14,3.996804164,11.27835379,160,-31.77142857,-0.207142857,0.571428571,0.659705233,,,,,,CYSP9>CYSP14,Toxin,3.7250834,,8,AbAMP148.pdb
149,AbAMP149,Mastoparan-L,INLKALAALAKKIL,not hemolytic=1.0%,4,unlikely soluble=36.0%,4,5,10,0,10,4,3,3,0,28.571,35.714,71.429,0,71.429,28.571,21.429,21.429,0,1479.91294,14,2.997099198,11.10308071,195.7142857,10.91428571,-0.962142857,1.157142857,0.583560433,,,,,,ILEP2>METP7,Toxin,3.6660063,,7,AbAMP149.pdb
150,AbAMP150,"Mastoparan-M, Mast cell-degranulating peptide, Mastoparan-like peptide 12c",INLKAIAALAKKLL,not hemolytic=1.0%,Nil,unlikely soluble=37.0%,4,5,10,0,10,4,3,3,0,28.571,35.714,71.429,0,71.429,28.571,21.429,21.429,0,1479.91294,14,2.997099198,11.10308071,195.7142857,-2.842857143,-0.962142857,1.157142857,0.584677924,,,,,,ILEP13>PHEP17,Toxin,3.5225756,,7,AbAMP150.pdb
151,AbAMP151,Medipeptin A,PAAAVVTVIBGAAVTAOSI,unlikely hemolytic=13.0%,Nil,weakly soluble=62.0%,10,16,12,0,14,3,1,0,1,52.632,84.211,63.158,0,73.684,15.789,5.263,0,5.263,1748.09604,19,-0.002015701,6.099982329,133.6842105,4.1,-1.54,1.705263158,0.232478103,,,,,,CYSP14>CYSP22,Non-Toxin,4.233722,,9,AbAMP151.pdb
152,AbAMP152,Mini-ChBac7.5N alpha,RRLRPRRPRLPRPRPRPRPRPR,not hemolytic=0.0%,2,is soluble=91.0%,0,8,2,0,10,12,12,12,0,0,36.364,9.091,0,45.455,54.545,54.545,54.545,0,2895.51764,22,11.99794456,13.54140138,35.45454545,112.9909091,7.690909091,-2.690909091,0.382081411,,,,,,CYSP31>CYSP37,Non-Toxin,9.933343,,4,AbAMP152.pdb
153,AbAMP153,Mini-ChBac7.5N beta,RRLRPRRPRLPRPRPRPRPRP,not hemolytic=0.0%,4,is soluble=92.0%,0,8,2,0,10,11,11,11,0,0,38.095,9.524,0,47.619,52.381,52.381,52.381,0,2739.33014,21,10.99794788,13.50001927,37.14285714,121.4857143,7.346666667,-2.604761905,0.382081411,,,,,,CYSP19>CYSP36,Non-Toxin,9.336982,,4,AbAMP153.pdb
154,AbAMP154,M-myrmeciitoxin-Mp2a,IDWKKVDWKKVSKKTCKVMLKACKFL,is hemolytic=93.0%,Nil,likely soluble=79.0%,5,10,7,3,13,13,11,9,2,19.231,38.462,26.923,11.538,50,50,42.308,34.615,7.692,3154.97064,26,6.872272531,10.70700457,82.30769231,7.673076923,1.235384615,-0.353846154,0.628836846,,,,,,ILEP19>ALAP27,Toxin,4.736056,,1,AbAMP154.pdb
155,AbAMP155,Moronecidin-like peptide,FFRNLWKGAKAAFRAGHAAWRA,weakly hemolytic=51.0%,Nil,weakly soluble=49.0%,9,10,8,6,15,7,6,6,0,40.909,45.455,36.364,27.273,68.182,31.818,27.273,27.273,0,2532.94184,22,5.088293389,12.81363644,49.54545455,18.2,1.549545455,-0.263636364,0.718405043,,,,,,ASNP1>LYSP4,Toxin,5.484141,,2,AbAMP155.pdb
156,AbAMP156,"M-poneratoxin-Dq3a, Dq-2562",FWGTLAKWALKAIPAAMGMKQNK,likely hemolytic=86.0%,Nil,weakly soluble=49.0%,8,10,8,3,16,7,4,4,0,34.783,43.478,34.783,13.043,69.565,30.435,17.391,17.391,0,2562.13214,23,3.996804164,11.27835379,72.60869565,18.85217391,-0.046956522,0.008695652,0.507107252,,,,,,CYSP10>CYSP22,Toxin,5.958309,,2,AbAMP156.pdb
157,AbAMP157,N17,KILRGVSKKIMRTFLRR,not hemolytic=1.0%,8,unlikely soluble=37.0%,3,4,5,1,8,9,7,7,0,17.647,23.529,29.412,5.882,47.059,52.941,41.176,41.176,0,2102.66214,17,6.997085953,12.98842234,108.8235294,64.93529412,3.077058824,-0.358823529,0.826457031,,,,,,VALP5>PHEP9,Non-Toxin,4.2017555,,9,AbAMP157.pdb
158,AbAMP158,Natto peptide,SMATPHVAGAAALILSKHPTWTNAQVRDRLESTATYLGNSFYYGK,not hemolytic=1.0%,128,is soluble=97.0%,19,26,14,7,25,20,8,6,2,42.222,57.778,31.111,15.556,55.556,44.444,17.778,13.333,4.444,4896.51464,45,2.178876155,9.736609114,71.77777778,9.508888889,1.236666667,-0.248888889,0.412689446,,,,,,CYSP6>CYSP13,Non-Toxin,7.0536714,,7,AbAMP158.pdb
159,AbAMP159,"Neutrophil defensin 3, HNP-3",DCYCRIPACIAGERRYGTCIYQGRLWAFCC,not hemolytic=0.0%,less than 4,is soluble=97.0%,13,15,7,5,22,8,6,4,2,43.333,50,23.333,16.667,73.333,26.667,20,13.333,6.667,3492.10214,30,1.625793123,8.106527247,62,41.06333333,1.427333333,0.123333333,0.488044098,,,,,,ILEP19>SERP27,Toxin,4.668335,,1,AbAMP159.pdb
160,AbAMP160,"Neutrophil defensin 4, Defensin alpha 4, HNP-4 ",VCSCRLVFCRRTELRVGNCLIGGVSFTYCCTRV,not hemolytic=10.0%,0.8,is soluble=94.0%,14,20,9,3,21,12,6,5,1,42.424,60.606,27.273,9.091,63.636,36.364,18.182,15.152,3.03,3715.46204,33,3.627044156,8.63087185,91.21212121,62.04242424,1.404848485,0.660606061,0.588588149,,,,,,TRPP21>GLNP25,Toxin,5.543701,,1,AbAMP160.pdb
161,AbAMP161,Nicomicin-1,GFWSSVWDGAKNVGTAIIKNAKVCVYAVCVSHK,unlikely hemolytic=19.0%,32,is soluble=95.0%,13,22,12,5,21,12,6,5,1,39.394,66.667,36.364,15.152,63.636,36.364,18.182,15.152,3.03,3539.13054,33,2.963359893,9.430389146,88.48484848,10.16666667,0.225151515,0.378787879,0.52683712,,,,,,LYSP14>VALP18,Toxin,7.784302,,1,AbAMP161.pdb
162,AbAMP162,NK10,ISKRILTGKK,not hemolytic=0.0%,less than 256,weakly soluble=56.0%,3,3,3,0,4,6,4,4,0,30,30,30,0,40,60,40,40,0,1143.43844,10,3.997095887,11.92450554,117,43.88,2.184,-0.53,0.431294622,,,,,,ILEP3>ARGP8,Toxin,2.9285965,,9,AbAMP162.pdb
163,AbAMP163,NK11,KISKRILTGKK,not hemolytic=1.0%,less than 256,weakly soluble=54.0%,3,3,3,0,4,7,5,5,0,27.273,27.273,27.273,0,36.364,63.636,45.455,45.455,0,1271.61254,11,4.996800853,11.99738708,106.3636364,33.08181818,2.49,-0.836363636,0.498435512,,,,,,CYSP3>CYSP7,Toxin,3.174534,,9,AbAMP163.pdb
164,AbAMP164,NK13,KISKKIMRTFLRR,not hemolytic=0.0%,256,unlikely soluble=33.0%,2,2,3,1,5,8,6,6,0,15.385,15.385,23.077,7.692,38.462,61.538,46.154,46.154,0,1677.13074,13,5.997089264,12.81970548,90,58.73846154,3.637692308,-0.707692308,0.833664495,,,,,,ASNP1>LYSP4,Toxin,3.5795815,,8,AbAMP164.pdb
165,AbAMP165,NK14,KILGVSKRILTGKK,not hemolytic=0.0%,less than 256,weakly soluble=52.0%,4,5,5,0,7,7,5,5,0,28.571,35.714,35.714,0,50,50,35.714,35.714,0,1540.95644,14,4.996800853,11.99738708,132.1428571,41.89285714,1.249285714,-0.114285714,0.562514089,,,,,,CYSP20>CYSP38,Toxin,4.110867,,9,AbAMP165.pdb
166,AbAMP166,NK15,KILRGVSKRILTGKK,not hemolytic=0.0%,less than 128,weakly soluble=55.0%,4,5,5,0,7,8,6,6,0,26.667,33.333,33.333,0,46.667,53.333,40,40,0,1697.14394,15,5.996797541,12.559571,123.3333333,46.94666667,2.160666667,-0.406666667,0.684760613,,,,,,ASNP19>GLNP22,Toxin,3.7853115,,9,AbAMP166.pdb
167,AbAMP167,NK19a,KISKKIMRTFLRRILTGKK,not hemolytic=5.0%,4,unlikely soluble=39.0%,4,4,5,1,8,11,8,8,0,21.053,21.053,26.316,5.263,42.105,57.895,42.105,42.105,0,2317.95474,19,7.996499196,12.83144198,102.6315789,44.54736842,2.641052632,-0.515789474,0.864267471,,,,,,LEUP18>LEUP24,Toxin,4.9651847,,8,AbAMP167.pdb
168,AbAMP168,NK19b,KILRGVSKKIMRRILTGKK,not hemolytic=1.0%,2,weakly soluble=45.0%,4,5,6,0,9,10,8,8,0,21.053,26.316,31.579,0,47.368,52.632,42.105,42.105,0,2225.85754,19,7.996499196,12.83144198,117.8947368,43.72105263,2.400526316,-0.426315789,0.763741807,,,,,,CYSP14>CYSP22,Toxin,4.409856,,9,AbAMP168.pdb
169,AbAMP169,NK19b-KR,RILRGVSRRIMRRILTGRR,not hemolytic=0.0%,8,unlikely soluble=37.0%,4,5,6,0,9,10,8,8,0,21.053,26.316,31.579,0,47.368,52.632,42.105,42.105,0,2365.92454,19,7.997957809,13.34508542,117.8947368,127.5578947,4.866315789,-0.584210526,0.88303524,,,,,,ALAA10>LEUA14,Toxin,4.6767573,,9,AbAMP169.pdb
170,AbAMP170,NK-2,KILRGVCKKIMRTFLRRISKDILTGKK,not hemolytic=0.0%,2,weakly soluble=43.0%,6,8,8,1,13,14,11,10,1,22.222,29.63,29.63,3.704,48.148,51.852,40.741,37.037,3.704,3203.04704,27,8.934672619,12.15868606,111.8518519,45.43333333,2.343333333,-0.262962963,0.865543938,,,,,,ILEP2>METP7,Non-Toxin,6.258203,,5,AbAMP170.pdb
171,AbAMP171,NK22b,KILGVSKKIMRRISKDILTGKK,not hemolytic=1.0%,16,weakly soluble=40.0%,5,7,7,0,10,12,9,8,1,22.727,31.818,31.818,0,45.455,54.545,40.909,36.364,4.545,2513.17034,22,6.996653958,11.92423519,119.5454545,34.22727273,1.974545455,-0.331818182,0.906423612,,,,,,CYSP3>CYSP30,Toxin,4.708355,,7,AbAMP171.pdb
172,AbAMP172,NK23a,KISKKIMRTFLRRISKDILTGKK,not hemolytic=5.0%,4,unlikely soluble=38.0%,5,6,6,1,9,14,10,9,1,21.739,26.087,26.087,4.348,39.13,60.87,43.478,39.13,4.348,2761.45504,23,7.996650647,12.31147692,101.7391304,38.53913043,2.736086957,-0.586956522,0.864267471,,,,,,CYSP7>CYSP19,Non-Toxin,5.973675,,7,AbAMP172.pdb
173,AbAMP173,NK23b,KILRGVSKKIMRRISKDILTGKK,not hemolytic=0.0%,8,weakly soluble=42.0%,5,7,7,0,10,13,10,9,1,21.739,30.435,30.435,0,43.478,56.522,43.478,39.13,4.348,2669.35784,23,7.996650647,12.31147692,114.3478261,37.85652174,2.537391304,-0.513043478,0.906423612,,,,,,CYSP24>CYSP42,Toxin,5.8974495,,7,AbAMP173.pdb
174,AbAMP174,NK23c,KILRGVSKKIMRTFLRRILTGKK,not hemolytic=2.0%,4,weakly soluble=41.0%,5,6,7,1,11,12,9,9,0,21.739,26.087,30.435,4.348,47.826,52.174,39.13,39.13,0,2743.48614,23,8.996495885,12.99568802,114.3478261,51.59565217,2.4,-0.291304348,0.864267471,,,,,,CYSP9>CYSP19,Toxin,5.2702217,,5,AbAMP174.pdb
175,AbAMP175,NK27,KILRGVSKKIMRTFLRRISKDILTGKK,not hemolytic=0.0%,2,unlikely soluble=38.0%,6,8,8,1,12,15,11,10,1,22.222,29.63,29.63,3.704,44.444,55.556,40.741,37.037,3.704,3186.98644,27,8.996647335,12.5460207,111.8518519,45.43333333,2.516666667,-0.385185185,0.864267471,,,,,,CYSP7>CYSP20,Non-Toxin,6.304397,,7,AbAMP175.pdb
176,AbAMP176,PaDBS1R1,PKILNKILGKILRLAAAFK,not hemolytic=1.0%,Nil,unlikely soluble=34.0%,4,6,10,1,13,6,5,5,0,21.053,31.579,52.632,5.263,68.421,31.579,26.316,26.316,0,2107.70034,19,4.996800853,11.99738708,159.4736842,36.7,-0.001578947,0.594736842,0.7901763,,,,,,CYSP7>CYSP12,Non-Toxin,4.3784323,,4,AbAMP176.pdb
177,AbAMP177,Parkerin,GWANTLKNVAGGLCKITGAA,not hemolytic=1.0%,37.5,is soluble=92.0%,11,14,8,1,14,6,2,2,0,55,70,40,5,70,30,10,10,0,1945.26684,20,1.935419516,9.676250598,93,-6.9,-0.1945,0.365,0.563010991,,,,,,CYSP31>CYSP59,Toxin,4.825787,,7,AbAMP177.pdb
178,AbAMP178,Caerin 1.1 + Caerin 1.9,GLLSVLGSVAKHVLPHVVPVIAEHLGLFGVLGSIAKHVLPHVVPVIAEKL,not hemolytic=0.0%,0.9375 to 1.875,likely soluble=78.0%,12,27,27,6,37,13,10,8,2,24,54,54,12,74,26,20,16,4,5161.29814,50,1.455194898,9.452036795,165.4,29.706,-1.0926,1.168,0.470594159,,,,,,THRP18>LYSP20,Non-Toxin,6.2947783,,9,AbAMP178.pdb
179,AbAMP179,Pepcon,FLFSLIPSAIGGLISAFK,weakly hemolytic=64.0%,37.6254,unlikely soluble=21.0%,7,8,8,3,14,4,1,1,0,38.889,44.444,44.444,16.667,77.778,22.222,5.556,5.556,0,1881.28824,18,0.997689266,9.700015683,141.1111111,17.05,-1.567222222,1.566666667,0.393171882,,,,,,VALP5>ILEP9,Toxin,4.71867,,5,AbAMP179.pdb
180,AbAMP180,Peptide BmKn2,FIGAIARLLSKIF,likely hemolytic=85.0%,5 to 10,unlikely soluble=21.0%,4,4,7,2,10,3,2,2,0,30.769,30.769,53.846,15.385,76.923,23.077,15.385,15.385,0,1448.81474,13,1.997685954,11.65176868,165.3846154,-3.830769231,-0.865384615,1.592307692,0.708210495,,,,,,CYSP4>CYSP18,Toxin,3.4757977,,5,AbAMP180.pdb
181,AbAMP181,Phormicin D,ATCDLLSAYKVAHSACAAHCLLRGNRGGYCNSRAVCVCRN,not hemolytic=1.0%,37.5,is soluble=98.0%,20,27,14,4,25,15,8,7,1,50,67.5,35,10,62.5,37.5,20,17.5,2.5,4228.88874,40,3.806391562,8.624928549,78.25,29.4225,1.53175,0.155,0.545557239,,,,,,CYSP10>CYSP22,Non-Toxin,4.9750104,,1,AbAMP181.pdb
182,AbAMP182,"Phylloseptin-S2, PLS-S2",FLSLIPHIVSGVASLAKHF,likely hemolytic=79.0%,6.25,unlikely soluble=26.0%,6,9,9,4,13,6,3,3,0,31.579,47.368,47.368,21.053,68.421,31.579,15.789,15.789,0,2036.44774,19,1.179507447,9.703967806,143.6842105,21.15789474,-0.954210526,1.226315789,0.489662139,,,,,,CYSP9>ARGP15,Non-Toxin,4.9677444,,6,AbAMP182.pdb
183,AbAMP183,"Phylloseptin-S3, PLS-S3",FLSLIPHIVSGVASLAIHF,likely hemolytic=89.0%,200,unlikely soluble=19.0%,6,9,10,4,14,5,2,2,0,31.579,47.368,52.632,21.053,73.684,26.316,10.526,10.526,0,2021.43304,19,0.179802481,7.714355339,164.2105263,27.65263158,-1.505263158,1.668421053,0.445332377,,,,,,ASNP11>ILEP14,Non-Toxin,5.046993,,6,AbAMP183.pdb
184,AbAMP184,"Phylloseptin-S4, PLS-S4",FLSMIPHIVSGVAALAKHL,not hemolytic=1.0%,"	6.25",unlikely soluble=36.0%,6,9,10,3,14,5,3,3,0,31.579,47.368,52.632,15.789,73.684,26.316,15.789,15.789,0,2004.46434,19,1.179507447,9.703967806,148.9473684,26.61578947,-1.195263158,1.315789474,0.440132256,,,,,,LYSP13>CYSP17,Non-Toxin,4.907505,,7,AbAMP184.pdb
185,AbAMP185,"Piscidin 1, Moronecidin",FFHHIFRGIVHVGKTIHRLVTG,weakly hemolytic=50.0%,3.1,unlikely soluble=33.0%,5,8,7,7,13,9,7,7,0,22.727,36.364,31.818,31.818,59.091,40.909,31.818,31.818,0,2572.05984,22,3.361319007,12.51649683,110.4545455,8.113636364,0.709545455,0.454545455,0.72900148,,,,,,ILEP2>ILEP6,Toxin,5.5292325,,3,AbAMP185.pdb
186,AbAMP186,PN-CATH1,KKCNFFCKLKKKVKSVGSRNLIGSATHHHRIYRV,not hemolytic=0.0%,less than 100,likely soluble=83.0%,9,14,8,6,15,19,13,13,0,26.471,41.176,23.529,17.647,44.118,55.882,38.235,38.235,0,3984.79184,34,10.14383656,11.47721396,74.41176471,-1.229411765,2.346176471,-0.617647059,0.591845468,,,,,,LEUP9>ILEP13,Toxin,8.548572,,3,AbAMP186.pdb
187,AbAMP187,PN-CATH2,EGCNILCLLKRKVKAVKNVVKNVVKSVVG,not hemolytic=2.0%,less than 100,likely soluble=77.0%,6,17,13,0,17,12,8,7,1,20.69,58.621,44.828,0,58.621,41.379,27.586,24.138,3.448,3138.91104,29,5.874036476,10.79907536,137.2413793,36.57586207,0.693103448,0.44137931,0.742411793,,,,,,CYSP7>CYSP23,Non-Toxin,7.2994866,,3,AbAMP187.pdb
188,AbAMP188,"Prepromelittin-related peptide, MRP, AR-23",AIGSILGALAKGLPTLISWIKNR,is hemolytic=94.0%,12.5,likely soluble=74.0%,9,11,11,1,16,7,3,3,0,39.13,47.826,47.826,4.348,69.565,30.435,13.043,13.043,0,2392.91344,23,2.99739092,11.82306268,148.6956522,15.23913043,-0.343913043,0.730434783,0.545806721,,,,,,SERP34>GLNP36,Non-Toxin,5.8626885,,1,AbAMP188.pdb
189,AbAMP189,"Protegrin 1, PG-1, Neutrophil peptide 1",RGGRLCYCRRRFCVCVGR,weakly hemolytic=43.0%,2 to 8,is soluble=94.0%,7,9,3,2,12,6,6,6,0,38.889,50,16.667,11.111,66.667,33.333,33.333,33.333,0,2160.62834,18,5.749215154,10.91631706,53.88888889,62.13333333,3.652222222,-0.25,0.392516261,,,,,,CYSP15>CYSP29,Toxin,4.286683,,4,AbAMP189.pdb
190,AbAMP190,Ps Hepcidin,QSHLSLCRYCCNCCRNKGCGYCCKF,unlikely hemolytic=27.0%,,is soluble=98.0%,12,14,2,4,15,10,5,5,0,48,56,8,16,60,40,20,20,0,2893.43584,25,3.590798144,8.407038784,31.2,30.624,1.8624,-0.204,0.658451817,,,,,,ALAP22>VALP26,Toxin,4.810161,,1,AbAMP190.pdb
191,AbAMP191,Pseudhymenochirin-1Pb [R8r],IKIPSFFRNILKKVGKEAVSLIAGALKQS,weakly hemolytic=48.0%,10,weakly soluble=44.0%,8,12,12,2,17,12,7,6,1,27.586,41.379,41.379,6.897,58.621,41.379,24.138,20.69,3.448,3156.84894,29,4.998280942,11.36667484,124.4827586,41.24827586,0.554137931,0.327586207,0.805763584,,,,,,THRP25>VALP27,Non-Toxin,5.7403016,,5,AbAMP191.pdb
192,AbAMP192,Ranalexin ,LGGLIKIVPAMICAVTKKC,weakly hemolytic=48.0%,4 to 18,unlikely soluble=37.0%,7,10,9,1,16,4,3,3,0,35,50,45,5,80,20,15,15,0,2105.72974,20,2.873149766,9.667771694,136.5,17.95,-1.3425,1.4,0.395740574,,,,,,CYSP14>CYSP23,Toxin,4.7252984,,4,AbAMP192.pdb
193,AbAMP193,rr,WLRRIKAWLRR,not hemolytic=0.0%,25 to 99,weakly soluble=60.0%,1,1,4,2,6,5,5,5,0,9.091,9.091,36.364,18.182,54.545,45.455,45.455,45.455,0,1553.92274,11,4.99767602,12.98094053,115.4545455,162.9727273,4,-0.890909091,0.862365646,,,,,,LEUP16>ILEP21,Toxin,2.8260088,,6,AbAMP193.pdb
194,AbAMP194,rr1,WKRRIKIWKKIR,not hemolytic=1.0%,less than 438.05696,weakly soluble=56.0%,0,0,3,2,5,7,7,7,0,0,0,25,16.667,41.667,58.333,58.333,58.333,0,1711.17874,12,6.99679423,12.82563473,97.5,62.84166667,3.961666667,-1.45,0.597186776,,,,,,ARGP4>CYSP15,Non-Toxin,2.8892896,,7,AbAMP194.pdb
195,AbAMP195,rr2,WIRRIKKWIRRVHK,not hemolytic=1.0%,3 to 6,weakly soluble=48.0%,0,1,4,3,6,8,8,8,0,0,7.143,28.571,21.429,42.857,57.143,57.143,57.143,0,1975.46584,14,7.087995044,12.98842252,104.2857143,101.9642857,4.109285714,-1.214285714,1.13089682,,,,,,ALAP22>VALP26,Toxin,3.93455,,8,AbAMP195.pdb
196,AbAMP196,rr3,WLRRIKAWLRRKRK,not hemolytic=1.0%,31.46304,likely soluble=80.0%,1,1,4,2,6,8,8,8,0,7.143,7.143,28.571,14.286,42.857,57.143,57.143,57.143,0,1966.45844,14,7.997082641,13.11002734,90.71428571,153.4785714,5.001428571,-1.578571429,0.862365646,,,,,,ILEP14>VALP26,Toxin,3.83807,,6,AbAMP196.pdb
197,AbAMP197,rr4,WLRRIKAWLRRIKA,not hemolytic=1.0%,3 to 6,weakly soluble=58.0%,2,2,6,2,8,6,6,6,0,14.286,14.286,42.857,14.286,57.143,42.857,42.857,42.857,0,1866.33504,14,5.997380986,12.98471537,125.7142857,124.1285714,3.058571429,-0.528571429,0.923992011,,,,,,ASPP2>LYSP5,Toxin,3.587593,,8,AbAMP197.pdb
198,AbAMP198,RW-BP10,RRLFRRILRWL,weakly hemolytic=48.0%,8.5,unlikely soluble=36.0%,0,0,4,2,6,5,5,5,0,0,0,36.364,18.182,54.545,45.455,45.455,45.455,0,1584.98014,11,4.997967743,13.10206064,141.8181818,211.5454545,4.51,-0.427272727,1.150453462,,,,,,ILEP3>PHEP7,Toxin,3.557992,,6,AbAMP198.pdb
199,AbAMP199,Smp43(1-14),GVWDWIKKTAGKIW,not hemolytic=3.0%,Nil,likely soluble=84.0%,4,6,4,3,9,5,4,3,1,28.571,42.857,28.571,21.429,64.286,35.714,28.571,21.429,7.143,1688.00484,14,1.997545682,10.50690111,83.57142857,-8.907142857,0.241428571,-0.314285714,0.572052743,,,,,,ASNP21>ALAP24,Non-Toxin,3.6017716,,4,AbAMP199.pdb
200,AbAMP200,Sparamosin26-54,GLGPNPCRKKCYKRDFLGRCRLNFTCMFG,not hemolytic=0.0%,Nil,is soluble=98.0%,9,14,3,4,18,11,8,7,1,31.034,48.276,10.345,13.793,62.069,37.931,27.586,24.138,3.448,3382.06164,29,5.748783159,10.16030958,40.34482759,20.76206897,2.279655172,-0.527586207,0.331422544,,,,,,GLUP7>ILEP10,Non-Toxin,5.212145,,2,AbAMP200.pdb
201,AbAMP201,TA1686 Hepcidin-25 / LEAP,DTHFPICIFCCGCCHRSKCGMCCKT,unlikely hemolytic=20.0%,12.5,is soluble=95.0%,13,15,2,4,16,9,6,5,1,52,60,8,16,64,36,24,20,4,2797.40564,25,1.683857859,7.983187371,31.2,37.76,0.8932,0.388,0.147459989,,,,,,CYSP3>CYSP30,Toxin,5.622583,,1,AbAMP201.pdb
202,AbAMP202,Tachyplesin-1,KWCFRVCYRGICYRRCR,unlikely hemolytic=21.0%,0.125,likely soluble=88.0%,5,6,2,4,11,6,6,6,0,29.412,35.294,11.765,23.529,64.706,35.294,35.294,35.294,0,2268.76774,17,5.748073017,10.06813004,40,13.22352941,3.535294118,-0.517647059,0.652440465,,,,,,ASNP19>ILEP23,Toxin,4.641388,,2,AbAMP202.pdb
203,AbAMP203,Temporin-PTa,FFGSVLKLIPKIL,likely hemolytic=71.0%,21.7,unlikely soluble=28.0%,2,4,6,2,10,3,2,2,0,15.385,30.769,46.154,15.385,76.923,23.077,15.385,15.385,0,1474.89304,13,1.997394232,10.80539353,172.3076923,2.238461538,-1.618461538,1.507692308,0.647494056,,,,,,LYSP12>THRP17,Non-Toxin,3.9255822,,5,AbAMP203.pdb
204,AbAMP204,Temporin-SHd,FLPAALAGIGGILGKLF,likely hemolytic=77.0%,25,unlikely soluble=36.0%,7,8,9,2,16,1,1,1,0,41.176,47.059,52.941,11.765,94.118,5.882,5.882,5.882,0,1658.05964,17,0.997689266,9.700015683,155.2941176,30.68235294,-2.301176471,1.652941176,0.360996241,,,,,,CYSP11>CYSP19,Toxin,4.648166,,2,AbAMP204.pdb
205,AbAMP205,Temporin-SHe,FLPALAGIAGLLGKIF,likely hemolytic=87.0%,25,unlikely soluble=29.0%,6,7,9,2,15,1,1,1,0,37.5,43.75,56.25,12.5,93.75,6.25,6.25,6.25,0,1601.00774,16,0.997689266,9.700015683,165,17.53125,-2.38625,1.78125,0.382987976,,,,,,ALAA35>LEUA39,Toxin,4.4735475,,3,AbAMP205.pdb
206,AbAMP206,"Tilapia piscidin 1, TP1",FDWDSVLKGVEGFVRGYF,not hemolytic=3.0%,100,weakly soluble=46.0%,4,9,4,5,12,6,5,2,3,22.222,50,22.222,27.778,66.667,33.333,27.778,11.111,16.667,2121.37964,18,-1.000496369,4.370416125,70,8.133333333,0.951666667,0.094444444,0.706616241,,,,,,ILEP2>ILEP6,Toxin,4.3369565,,5,AbAMP206.pdb
207,AbAMP207,"Tilapia piscidin 2, TP2",GECIWDAIFHGAKHFLHRLVNP,is hemolytic=92.0%,100,is soluble=92.0%,5,9,7,6,14,8,7,5,2,22.727,40.909,31.818,27.273,63.636,36.364,31.818,22.727,9.091,2560.96154,22,0.210660118,7.620175281,93.18181818,11.49545455,0.810454545,0.031818182,0.570363147,,,,,,CYSP20>CYSP38,Non-Toxin,5.1677876,,4,AbAMP207.pdb
208,AbAMP208,Tremporin-1Cec,IIPLPLGYFAKKT,not hemolytic=1.0%,100,unlikely soluble=39.0%,3,5,5,2,10,3,2,2,0,23.077,38.462,38.462,15.385,76.923,23.077,15.385,15.385,0,1460.82284,13,1.996543817,10.24760044,127.6923077,15.3,-0.892307692,0.6,0.348033475,,,,,,CYSP1>CYSP13,Toxin,3.9008124,,6,AbAMP208.pdb
209,AbAMP209,Trichoplaxin,FFGRLKSVWSAVKHGWKAAKSR,unlikely hemolytic=22.0%,3,likely soluble=72.0%,8,10,6,5,12,10,7,7,0,36.364,45.455,27.273,22.727,54.545,45.455,31.818,31.818,0,2547.00674,22,6.087706632,12.55957145,57.72727273,14.02727273,1.635,-0.436363636,0.578010802,,,,,,CYSP3>CYSP34,Toxin,5.3316765,,3,AbAMP209.pdb
210,AbAMP210,VsCT1,FLKGIIDTVSNWL,unlikely hemolytic=28.0%,less than 40,unlikely soluble=27.0%,3,6,5,2,8,5,2,1,1,23.077,46.154,38.462,15.385,61.538,38.462,15.385,7.692,7.692,1505.77694,13,-0.00186425,6.337368803,142.3076923,-20.40769231,-0.237692308,0.761538462,0.589643787,,,,,,CYSP19>THRP27,Toxin,3.340269,,8,AbAMP210.pdb
211,AbAMP211,"Xac-1, Xylopin",GFVALLKKLPLILKHLH,not hemolytic=3.0%,3.75,weakly soluble=57.0%,2,4,9,3,12,5,5,5,0,11.765,23.529,52.941,17.647,70.588,29.412,29.412,29.412,0,1940.49214,17,3.17891738,11.10309629,183.5294118,17.08823529,-1.072941176,0.941176471,0.553813,,,,,,CYSP11>CYSP26,Non-Toxin,4.3174944,,4,AbAMP211.pdb
212,AbAMP212,CAME,KWKLFKKIGIGAVLKVLTTG,unlikely hemolytic=33.0%,3.12 to 12.5,weakly soluble=47.0%,6,8,8,2,13,7,5,5,0,30,40,40,10,65,35,25,25,0,2200.78244,20,4.99650913,11.40290331,131.5,-27.73,-0.4865,0.52,0.492518624,,,,,,CYSP3>CYSP16,Non-Toxin,5.05677,,4,AbAMP212.pdb
213,AbAMP213,BMAP-27,GRFKRFRKKFKKLFKKLSPVIPLLHLG,unlikely hemolytic=16.0%,4 to 16,likely soluble=85.0%,3,6,7,5,15,12,11,11,0,11.111,22.222,25.926,18.519,55.556,44.444,40.741,40.741,0,3283.14834,27,10.08681822,12.84269844,97.40740741,21.05555556,1.641111111,-0.366666667,0.824862045,,,,,,CYSP5>CYSP48,Toxin,6.285187,,3,AbAMP213.pdb
214,AbAMP214,GW-A2,GAKYAKIIYNYLKKIANALW,not hemolytic=1.0%,8 to 32,likely soluble=85.0%,5,7,9,4,14,6,4,4,0,25,35,45,20,70,30,20,20,0,2341.82454,20,3.994252921,10.36452737,117.5,16.2,0.0395,0.025,0.700125212,,,,,,CYSP15>CYSP21,Toxin,5.061011,,8,AbAMP214.pdb
215,AbAMP215,SMAP-29,RGLRRLGRKIAHGVKKYGPTVLRIIRIAG,weakly hemolytic=55.0%,4 to 32,weakly soluble=52.0%,8,11,11,2,18,11,10,10,0,27.586,37.931,37.931,6.897,62.069,37.931,34.483,34.483,0,3255.99954,29,9.087138007,12.81115517,121.0344828,26.41034483,2.162068966,-0.210344828,1.07073915,,,,,,VALP5>LEUP10,Toxin,6.4662385,,4,AbAMP215.pdb
216,AbAMP216,GW-H1a,GYNYAKKLANLAKKFANALW,not hemolytic=1.0%,8 to 32,is soluble=93.0%,6,9,8,4,13,7,4,4,0,30,45,40,20,65,35,20,20,0,2284.68894,20,3.995103336,10.58124177,83.5,24.69,0.617,-0.34,0.717499357,,,,,,CYSP7>CYSP15,Toxin,4.7897944,,4,AbAMP216.pdb
217,AbAMP217,Latarcin-2a,GLFGKLIKKFGRKAISYAVKKARGKH,not hemolytic=3.0%,8 to 64,likely soluble=82.0%,8,9,8,4,15,11,10,10,0,30.769,34.615,30.769,15.385,57.692,42.308,38.462,38.462,0,2902.57164,26,9.085971117,11.97071967,82.69230769,1.288461538,1.462307692,-0.438461538,0.89890118,,,,,,CYSP14>CYSP22,Toxin,5.868136,,2,AbAMP217.pdb
218,AbAMP218,Maximin H2,ILGPVLSMVGSALGGLIKKI,weakly hemolytic=53.0%,16 to 128,unlikely soluble=39.0%,7,10,10,0,16,4,2,2,0,35,50,50,0,80,20,10,10,0,1966.49654,20,1.997394232,10.80539353,170.5,22.195,-1.627,1.41,0.510114716,,,,,,CYSP9>CYSP29,Toxin,4.7666583,,5,AbAMP218.pdb
219,AbAMP219,NRC12,GWKKWFNRAKKVGKTVGGLAVDHYL,not hemolytic=1.0%,8 to 32,likely soluble=82.0%,7,12,7,5,15,10,8,7,1,28,48,28,20,60,40,32,28,4,2859.37264,25,5.08701098,11.00642362,74,17.452,1.1368,-0.52,0.724196996,,,,,,LEUP32>ILEP35,Non-Toxin,6.3279624,,3,AbAMP219.pdb
220,AbAMP220,Pilosulin,GLGSVFGRLARILGRVIPKV,weakly hemolytic=52.0%,8 to 16,likely soluble=72.0%,6,10,9,1,15,5,4,4,0,30,50,45,5,75,25,20,20,0,2108.60454,20,3.997679332,12.8074301,146,13.445,0.422,0.81,0.916048882,,,,,,CYSP9>CYSP14,Non-Toxin,4.9062943,,6,AbAMP220.pdb
221,AbAMP221,Pleurocidin,GWGSFFKKAAHVGKHVGKAALTHYL,not hemolytic=0.0%,8 to 32,likely soluble=76.0%,10,12,8,7,16,9,7,7,0,40,48,32,28,64,36,28,28,0,2711.16744,25,4.268681022,10.86607552,70.4,4.972,0.2032,-0.068,0.593015358,,,,,,ILEP2>METP7,Toxin,6.2126136,,2,AbAMP221.pdb
222,AbAMP222,GW-Q6,GIKIAKKAITIAKKIAKIYW,not hemolytic=3.0%,8 to 16,likely soluble=80.0%,6,6,10,2,13,7,6,6,0,30,30,50,10,65,35,30,30,0,2257.87764,20,5.995363682,11.13012984,137,-16.91,-0.201,0.375,0.647359238,,,,,,ILEP13>PHEP17,Toxin,4.803678,,6,AbAMP222.pdb
223,AbAMP223,Tilapia piscidin 4 TP4,FIHHIIGGLFSAGKAIHRLIRRRRR,weakly hemolytic=58.0%,8 to 32,unlikely soluble=17.0%,6,6,9,5,14,11,10,10,0,24,24,36,20,56,44,40,40,0,2981.59814,25,7.27039667,13.20106561,117.2,130.236,2.6244,-0.128,0.9667656,,,,,,CYSP14>CYSP22,Non-Toxin,5.9759393,,3,AbAMP223.pdb
224,AbAMP224,Hp1404-A,GILGKLWEGVKSIA,unlikely hemolytic=11.0%,25,likely soluble=84.0%,5,6,6,1,10,4,3,2,1,35.714,42.857,42.857,7.143,71.429,28.571,21.429,14.286,7.143,1470.77504,14,0.999169354,9.537315374,139.2857143,19.70714286,-0.669285714,0.6,0.558091306,,,,,,CYSP31>CYSP37,Non-Toxin,3.5678635,,8,AbAMP224.pdb
225,AbAMP225,Hp1404-K,GILGKLWEGVSIK,not hemolytic=7.0%,25,likely soluble=79.0%,4,5,5,1,9,4,3,2,1,30.769,38.462,38.462,7.692,69.231,30.769,23.077,15.385,7.692,1399.69624,13,0.999169354,9.537315374,142.3076923,16.13846154,-0.581538462,0.507692308,0.421097981,,,,,,CYSP19>CYSP36,Toxin,5.7793937,,8,AbAMP225.pdb
226,AbAMP226,Hp1404-V,GILGKLWEGVKSIV,unlikely hemolytic=24.0%,6.25,likely soluble=74.0%,4,6,6,1,10,4,3,2,1,28.571,42.857,42.857,7.143,71.429,28.571,21.429,14.286,7.143,1498.82884,14,0.999169354,9.537315374,152.8571429,13.64285714,-0.828571429,0.771428571,0.558091306,,,,,,ILEP19>ALAP27,Toxin,3.6554883,,8,AbAMP226.pdb
227,AbAMP227,Hp1404-L,GILGKLWEGVKSIL,unlikely hemolytic=27.0%,3.13,likely soluble=77.0%,4,5,6,1,10,4,3,2,1,28.571,35.714,42.857,7.143,71.429,28.571,21.429,14.286,7.143,1512.85564,14,0.999169354,9.537315374,160,33.46428571,-0.891428571,0.742857143,0.558091306,,,,,,ASNP1>LYSP4,Toxin,3.5803626,,6,AbAMP227.pdb
228,AbAMP228,Hp1404-I, GILGKLWEGVKSII,unlikely hemolytic=38.0%,3.13,likely soluble=72.0%,4,5,6,1,10,4,3,2,1,28.571,35.714,42.857,7.143,71.429,28.571,21.429,14.286,7.143,1512.85564,14,0.999169354,9.537315374,160,19.70714286,-0.891428571,0.792857143,0.558091306,,,,,,CYSP10>CYSP22,Toxin,3.6322968,,7,AbAMP228.pdb
229,AbAMP229,Hp1404-W,GILGKLWEGVKSIW,weakly hemolytic=42.0%,1.56,likely soluble=85.0%,4,5,5,2,10,4,3,2,1,28.571,35.714,35.714,14.286,71.429,28.571,21.429,14.286,7.143,1585.90944,14,0.999169354,9.537315374,132.1428571,19.70714286,-0.706428571,0.407142857,0.558091306,,,,,,VALP5>PHEP9,Toxin,3.7917783,,6,AbAMP229.pdb
230,AbAMP230,HD5,ATCYCRTGRCATRESLSGVCEISGRLYRLCCR,weakly hemolytic=44.0%,10,is soluble=98.0%,14,19,10,3,20,19,13,13,0,35.897,48.718,25.641,7.692,51.282,48.718,33.333,33.333,0,4262.98984,39,12.08654463,12.91018407,62.56410256,46.12564103,3.087179487,-0.992307692,0.833130667,,,,,,CYSP6>CYSP13,Non-Toxin,4.9769454,,1,AbAMP230.pdb
231,AbAMP231,B2RP ,GIWDTIKSMGKVFAGKILQNL,unlikely hemolytic=22.0%,7 to 13.9,likely soluble=79.0%,6,9,7,2,13,8,4,3,1,28.571,42.857,33.333,9.524,61.905,38.095,19.048,14.286,4.762,2319.79044,21,1.997545682,10.50690111,111.4285714,2.804761905,0.123333333,0.285714286,0.61286625,,,,,,ILEP19>SERP27,Toxin,5.0702224,,3,AbAMP231.pdb
232,AbAMP232,B2RP-Era,GVIKSVLKGVAKTVALGML,not hemolytic=2.0%,8 to 32,likely soluble=71.0%,7,11,10,0,14,5,3,3,0,36.842,57.895,52.632,0,73.684,26.316,15.789,15.789,0,1884.39474,19,2.997099198,11.10308071,153.6842105,-3.931578947,-1.158421053,1.252631579,0.688243889,,,,,,TRPP21>GLNP25,Toxin,4.4205947,,5,AbAMP232.pdb
233,AbAMP233,Alyteserin-1c,GLKEIFKAGLGSLVKGIAAHVAS,not hemolytic=5.0%,4 to 16,is soluble=92.0%,10,12,11,2,16,7,5,4,1,43.478,52.174,47.826,8.696,69.565,30.435,21.739,17.391,4.348,2266.71214,23,2.089783411,10.50700064,127.3913043,-4.613043478,-0.510434783,0.747826087,0.481552478,,,,,,LYSP14>VALP18,Toxin,5.722094,,4,AbAMP233.pdb
234,AbAMP234,Alyteserin-2a,ILGKLLSTAAKLLSNL,likely hemolytic=83.0%,8,weakly soluble=40.0%,7,8,9,0,11,5,1,1,0,43.75,50,56.25,0,68.75,31.25,6.25,6.25,0,1583.93184,16,0.997689266,9.700015683,183.125,10.8,-1.14875,1.275,0.400100885,,,,,,ILEP3>ARGP8,Non-Toxin,4.2384753,,6,AbAMP234.pdb
235,AbAMP235,PGLa-AM1,GMASKAGSVLGKVAKVALKAAL,not hemolytic=1.0%,16 to 128 ,is soluble=97.0%,11,14,12,0,16,6,4,4,0,50,63.636,54.545,0,72.727,27.273,18.182,18.182,0,2070.56514,22,3.996804164,11.27835379,120,-0.281818182,-0.632272727,0.831818182,0.591073079,,,,,,CYSP3>CYSP7,Toxin,5.544544,,2,AbAMP235.pdb
236,AbAMP236,CPF-AM1,GLGSVLGKALKIGANLL,not hemolytic=2.0%,4 to 128,likely soluble=75.0%,7,9,9,0,13,4,2,2,0,41.176,52.941,52.941,0,76.471,23.529,11.765,11.765,0,1623.99964,17,1.997394232,10.80539353,166.4705882,-10.56470588,-1.164705882,1.035294118,0.520540717,,,,,,ASNP1>LYSP4,Toxin,4.450869,,4,AbAMP236.pdb
237,AbAMP237,CPF-B1,GLGSLLGKAFKIGLKTVGKMMGGAPREQ,not hemolytic=0.0%,11.4 to 22.8,likely soluble=86.0%,11,13,8,1,19,9,6,5,1,39.286,46.429,28.571,3.571,67.857,32.143,21.429,17.857,3.571,2845.45764,28,3.998575975,11.24820554,87.14285714,12.16785714,0.318571429,0.039285714,0.563027886,,,,,,CYSP20>CYSP38,Toxin,6.5526986,,2,AbAMP237.pdb
238,AbAMP238,CPF-C1,GFGSLLGKALRLGANVL,weakly hemolytic=48.0%,5,weakly soluble=68.0%,7,9,8,1,13,4,2,2,0,41.176,52.941,47.059,5.882,76.471,23.529,11.765,11.765,0,1686.03024,17,1.997685954,11.65176868,143.5294118,10.75294118,-0.499411765,0.9,0.61410673,,,,,,ASNP19>GLNP22,Non-Toxin,4.442408,,4,AbAMP238.pdb
239,AbAMP239,Hymenochirin-1B,IKLSPETKDNLKKVLKGAIKGAIAVAKMV,not hemolytic=1.0%,19.1,weakly soluble=55.0%,8,14,13,0,17,12,9,7,2,27.586,48.276,44.828,0,58.621,41.379,31.034,24.138,6.897,3064.80764,29,4.998140669,10.92611422,124.4827586,12.76551724,0.47862069,0.168965517,0.694795434,,,,,,LEUP18>LEUP24,Toxin,6.834453,,5,AbAMP239.pdb
240,AbAMP240,Hymenochirin-1Pa,LKLSPKTKDTLKKVLKGAIKGAIAIASMA,not hemolytic=1.0%,4.9,weakly soluble=57.0%,11,14,13,0,17,12,8,7,1,37.931,48.276,44.828,0,58.621,41.379,27.586,24.138,3.448,2995.74464,29,5.996365547,11.19870385,121.3793103,-5.396551724,0.267241379,0.262068966,0.694795434,,,,,,CYSP14>CYSP22,Non-Toxin,6.031952,,5,AbAMP240.pdb
241,AbAMP241,XT-7,GLLGPLLKIAAKVGSNLL,not hemolytic=1.0%,4 to 32,likely soluble=76.0%,6,9,10,0,14,4,2,2,0,33.333,50,55.556,0,77.778,22.222,11.111,11.111,0,1777.22384,18,1.997394232,10.80539353,178.8888889,-9.422222222,-1.321111111,1.122222222,0.55082047,,,,,,ALAA10>LEUA14,Toxin,4.5130253,,5,AbAMP241.pdb
242,AbAMP242,Melittin,GIGAVLKVLTTGLPALISWIKRKRQQ,is hemolytic=97.0%,0.25 to 4,likely soluble=88.0%,8,11,11,1,16,10,5,5,0,30.769,42.308,42.308,3.846,61.538,38.462,19.231,19.231,0,2847.48654,26,4.997092575,12.5460704,135,44.73076923,0.57,0.273076923,0.567571025,,,,,,ILEP2>METP7,Non-Toxin,6.2580147,,2,AbAMP242.pdb
243,AbAMP243,Cecropin P1,SWLSKTAKKLENSAKKRISEGIAIAIQGGPR,not hemolytic=1.0%,1.6,is soluble=94.0%,12,14,10,1,15,16,9,7,2,38.71,45.161,32.258,3.226,48.387,51.613,29.032,22.581,6.452,3338.90134,31,5.000052753,11.33635168,88.38709677,26.45806452,1.859677419,-0.558064516,0.613190043,,,,,,CYSP3>CYSP30,Toxin,7.165814,,3,AbAMP243.pdb
244,AbAMP244,Histatin-8,KFHEKHHSHRGY,not hemolytic=0.0%,8,weakly soluble=48.0%,2,2,0,6,3,9,8,7,1,16.667,16.667,0,50,25,75,66.667,58.333,8.333,1562.71354,12,2.361951993,10.24417223,0,-4.983333333,4.2575,-2.358333333,0.164681325,,,,,,CYSP7>CYSP19,Toxin,3.2890728,,9,AbAMP244.pdb
245,AbAMP245,Tachyplesin III,KWCFRVCYRGICYRKCR,not hemolytic=6.0%,8 to 16,is soluble=92.0%,5,6,2,4,11,6,6,6,0,29.412,35.294,11.765,23.529,64.706,35.294,35.294,35.294,0,2240.75434,17,5.747781294,9.994829738,40,-20.47058824,2.984117647,-0.482352941,0.652440465,,,,,,CYSP24>CYSP42,Toxin,3.651371,,2,AbAMP245.pdb
246,AbAMP246,Cecropin B,KWKIFKKIEKVGRNIRNGIIKAGPAVAVLGEAKAL,not hemolytic=0.0%,32,weakly soluble=52.0%,9,15,15,2,22,13,11,9,2,25.714,42.857,42.857,5.714,62.857,37.143,31.429,25.714,5.714,3817.66924,35,6.999462685,11.49384745,117.1428571,22.08,0.883142857,0.002857143,0.93115844,,,,,,CYSP9>CYSP19,Toxin,8.617202,,5,AbAMP246.pdb
247,AbAMP247,Magainin 1,GIGKFLHSAGKFGKAFVGEIMKS,unlikely hemolytic=13.0%,64,likely soluble=82.0%,9,10,6,4,15,8,6,5,1,39.13,43.478,26.087,17.391,65.217,34.783,26.087,21.739,4.348,2409.87494,23,3.089488378,10.80273277,72.17391304,-3.795652174,0.089565217,0.217391304,0.642777141,,,,,,LEUP18>LEUP24,Toxin,5.4581914,,3,AbAMP247.pdb
248,AbAMP248,beta-Defensin,DHYNCVSSGGQCLYSACPIFTKIQGTCYRGKAKCCK,not hemolytic=1.0%,256,is soluble=98.0%,17,21,6,5,21,15,7,6,1,47.222,58.333,16.667,13.889,58.333,41.667,19.444,16.667,2.778,3934.56894,36,3.71375689,8.611012178,46.11111111,34.49166667,1.309444444,-0.272222222,0.489147964,,,,,,CYSP14>CYSP22,Toxin,4.760699,,1,AbAMP248.pdb
249,AbAMP249,Buforin 1,AGRGKQGGKVRAKAKTRSSRAGLQFPVGRVHRLLRKGNY,not hemolytic=0.0%,less than 256,likely soluble=87.0%,14,19,10,3,20,19,13,13,0,35.897,48.718,25.641,7.692,51.282,48.718,33.333,33.333,0,4262.98984,39,12.08654463,12.91018407,62.56410256,46.12564103,3.087179487,-0.992307692,0.833130667,,,,,,ALAA10>LEUA14,Non-Toxin,9.2652025,,8,AbAMP249.pdb
250,AbAMP250,Histatin 5,DSHAKRHHGYKRKFHEKHHSHRGY,not hemolytic=0.0%,less than 256,likely soluble=71.0%,5,6,1,10,6,18,16,14,2,20.833,25,4.167,41.667,25,75,66.667,58.333,8.333,3036.33354,24,5.633678645,10.89203819,4.166666667,37.86666667,4.813333333,-2.454166667,0.378606625,,,,,,CYSP7>CYSP19,Toxin,5.525638,,7,AbAMP250.pdb
