ID,Name,Sequence,Hemolytic activity,MIC value,Solubility,Tiny-aa,Small-aa,Aliphtic-aa,Aromatic-aa,Non_Polar-aa,Polar-aa,Charged-aa,Basic-aa,Acidic-aa,Mole%-Tiny_aa,Mole%-Small_aa,Mole%-Aliphtic_aa,Mole%-Aromatic_aa,Mole%-Non_Polar_aa,Mole%-Polar_aa,Mole%-Charged_aa,Mole%-Basic_aa,Mole%-Acidic_aa,mw,length,charge,Isolelectric point,aliphatic Index,instability Index,BomanIndex,Hydrophobicity,Hydrophobic moment,Transmembrane,Extracellular,Cytoplasmic,HydrophobicityPlot,HydrophobicityPlot2,disulphides,Toxicity,RMSF,Flexibility,Score,PDBName
AbAMP1,Aurein 1.2,GLFDIIKKIAESF,0.779,16,SOLUBLE=0.8,3,4,5,2,8,5,4,2,2,23.077,30.769,38.462,15.385,61.538,38.462,30.769,15.385,15.385,1480.767,13,-0.000384161,6.492972,127.69231,20.4769231,0.1261538,0.6692308,0.7127588,1,TRUE,FALSE,-4.736988417,1.889359073,Leu 2 > Ser 12 ,Non-Toxin,2.68,0.99,7,AbAMP1.pdb
AbAMP2,CAMEL,KWKLFKKIGAVLKVL,0.713,2,SOLUBLE=0.9,2,4,7,2,10,5,5,5,13.333,26.667,46.667,13.333,66.667,33.333,33.333,33.333,0,0,1771.309,15,4.99650913,11.402903,149.33333,-28.9866667,-0.538,0.54,0.6870352,1,TRUE,FALSE,-0.134866667,-1.355133333,Trp 2 > Val 14,Non-Toxin,3.025,0.988666667,7,AbAMP2.pdb
AbAMP3,Citropin 1.1,GLFDVIKKVASVIGGL,0.695,16,SOLUBLE= 0.9,5,9,8,1,12,4,3,2,1,31.25,56.25,50,6.25,75,25,18.75,12.5,6.25,1615.977,16,0.997840716,9.537301,158.125,14.1875,-1.011875,1.28125,0.6423152,1,TRUE,FALSE,0.2147625,-0.26875,Leu 2 > Ile 13,Non-Toxin,4.973,0.98,7,AbAMP3.pdb
AbAMP4,LL-37,LLGDFFRKSKEKIGKEFKRIVQRIKDFLRNLVPRTES,0.258,4,SOLUBLE=0.7,5,11,9,4,16,21,16,11,5,13.514,29.73,24.324,10.811,43.243,56.757,43.243,29.73,13.514,4493.325,37,6.002415876,11.346921,89.45946,23.3432432,3,-0.7243243,0.9663389,1,TRUE,FALSE,-9.583783784,0.972216216,Leu 2 > Leu 31,Non-Toxin,11.914,1.013243243,3,AbAMP4.pdb
AbAMP5,Omiganan,ILRWPWWPWRRK,0.288,32,SOLUBLE=0.9,0,2,2,4,8,4,4,4,0,0,16.667,16.667,33.333,66.667,33.333,33.333,33.333,0,1780.157,12,3.997679332,12.80743,65,131.9333333,2.5958333,-1.325,0.629719,1,TRUE,FALSE,-7.725,-2.6275,Trp 7> Arg 10 ,Non-Toxin,4.756,0.973333333,8,AbAMP5.pdb
AbAMP6,r-Omiganan,KRRWPWWPWRLI,0.377,16,SOLUBLE=0.9,0,2,2,4,8,4,4,4,0,0,16.667,16.667,33.333,66.667,33.333,33.333,33.333,0,1780.157,12,3.997679332,12.80743,65,127,2.5958333,-1.325,0.629719,1,TRUE,FALSE,-7.133333333,-2.6275,Trp 7 > Leu 11,Non-Toxin,5.301,0.969166667,9,AbAMP6.pdb
AbAMP7,Pexiganan,GIGKFLKKAKKFGKAFVKILKK,0.652,2,SOLUBLE=0.9,5,6,7,3,13,9,9,9,0,22.727,27.273,31.818,13.636,59.091,40.909,40.909,40.909,0,2478.195,22,8.995328995,11.70347,93.18182,-6.1636364,0.4931818,-0.1590909,0.7891923,1,TRUE,FALSE,-2.233181818,0.169454545,Gly 3 > Leu 20 ,Non-Toxin,3.213,1.002727273,4,AbAMP7.pdb
AbAMP8,Temporin A,FLPLIGRVLSGIL,0.461,128,SOLUBLE=0.9,3,5,7,1,11,2,1,1,0,23.077,38.462,53.846,7.692,84.615,15.385,7.692,7.692,0,1397.767,13,0.997980988,10.549999,202.30769,32.3307692,-1.5461538,1.8076923,0.5867194,1,TRUE,FALSE,-0.2346,-2.2346,Leu 2 > Ile 12,Non-Toxin,4.844,0.9907,4,AbAMP8.pdb
AbAMP9,Cec4,GWLKKIGKKIERVGQNTRDATIQAIGVAQQAANVAATLKG,0.794,0.5,SOLUBLE=0.9,15,21,16,1,22,18,9,7,2,37.5,52.5,40,2.5,55,45,22.5,17.5,5,4204.889,40,4.998724114,11.336352,97.75,14.74,1.37325,-0.2675,0.9356343,1,TRUE,FALSE,-4.6387,1.984,"Trp 2 > Asn 16, Ile 22 > Thr 37   ",Non-Toxin,3.922,0.99675,8,AbAMP9.pdb
AbAMP10,Cec4-7,GWLKKIGKKIERVGQHTRDATIQAIGVAQQAANVAATLKG,0.652,2,SOLUBLE=0.9,15,20,16,2,22,18,10,8,2,37.5,50,40,5,55,45,25,20,5,4227.926,40,5.089633205,11.336328,97.75,14.9775,1.32375,-0.26,0.9356343,1,TRUE,FALSE,-4.6687,1.8565,"Trp 2 > His 16, Gly 26 > Thr 37 ",Non-Toxin,3.569,0.98425,2,AbAMP10.pdb
AbAMP11,Cec4-8,GWVKKIGKKIERVGQNTRDATIQVIGVAQQAANVAATLKG,0.238,44243,SOLUBLE=0.9,14,22,16,1,22,18,9,7,2,35,55,40,2.5,55,45,22.5,17.5,5,4218.916,40,4.998724114,11.336352,100,9.05,1.3395,-0.1975,0.9373256,1,TRUE,FALSE,-4.5543,1.94425,"Trp 2 > Asn 16, Gly 26 > Thr 37 ",Non-Toxin,3.522,0.996,6,AbAMP11.pdb
AbAMP12,FITC-Cec4,GWLKKIGKKIERVGQNTRDATIQAIGVAQQAANVAATLKG,0.794,0.5,SOLUBLE=0.9,15,21,16,1,22,18,9,7,2,37.5,52.5,40,2.5,55,45,22.5,17.5,5,4204.889,40,4.998724114,11.336352,97.75,14.74,1.37325,-0.2675,0.9356343,1,TRUE,FALSE,-4.6387,1.984,"Leu 3 > Asn 16, Ala 20 > Lys 39",Non-Toxin,4.737,0.99675,6,AbAMP12.pdb
AbAMP13,Human KS-30 (Cathelicidin),KSKEKIGKEFKRIVQRIKDFLRNLVPRTES,0.006,4,SOLUBLE=0.7,4,9,7,2,11,19,14,10,4,13.333,30,23.333,6.667,36.667,63.333,46.667,33.333,13.333,3644.325,30,6.001972704,11.369347,84.33333,28.97,3.47,-1.0533333,0.9663389,1,TRUE,FALSE,-9.63,0.6472,Arg 2 > Leu 14,Non-Toxin,7.777,0.9975,7,AbAMP13.pdb
AbAMP14,Human KR-20 (Cathelicidin),KRIVQRIKDFLRNLVPRTES,0.003,4,SOLUBLE=0.7,2,7,6,1,8,12,8,6,2,10,35,30,5,40,60,40,30,10,2468.931,20,3.999602593,12.07911,107,54.46,3.686,-0.755,0.9663389,1,TRUE,FALSE,-9.9367,1.3764,Ser 2 > Leu 24,Non-Toxin,10.135,1.00333,7,AbAMP14.pdb
AbAMP15,KR-12 ( Cathelicidin),KRIVQRIKDFLR,0.011,4,SOLUBLE=0.9,0,2,4,1,5,7,6,5,1,0,16.667,33.333,8.333,41.667,58.333,50,41.667,8.333,1571.933,12,3.997830782,12.24367,121.66667,31.95,4.0283333,-0.7083333,0.9663389,1,TRUE,FALSE,-9.7667,0.18783,Arg 2 > Leu 11,Non-Toxin,3.533,0.99917,8,AbAMP15.pdb
AbAMP16,SAAP-148,LKRVWKRVFKLLKRYWRQLKKPVR,0.871,1.875,SOLUBLE=0.9,0,4,7,4,12,12,11,11,0,0,16.667,29.167,16.667,50,50,45.833,45.833,0,3226.059,24,10.99534713,12.703963,101.25,35.3666667,3.0891667,-0.9791667,1.0072273,1,TRUE,FALSE,-9.05,-0.65583,Arg 3 > Lys 20 ,Non-Toxin,7.825,0.99792,10,AbAMP16.pdb
AbAMP17,AM-CATH36,GLFKKLRRKIKKGFKKIFKRLPPIGVGVSIPLAGKR,0.15,5.2,SOLUBLE=0.9,7,12,11,3,22,14,13,13,0,19.444,33.333,30.556,8.333,61.111,38.889,36.111,36.111,0,4076.169,36,12.99531575,13.009704,105.55556,29.9611111,1.3927778,-0.2472222,0.9358016,1,TRUE,FALSE ,-5.9972,0.125,Leu 2 > Arg 20 ,Non-Toxin,7.133,0.9967,9,AbAMP17.pdb
AbAMP18,AM-CATH28,KIKKGFKKIFKRLPPIGVGVSIPLAGKR,0.007,28,SOLUBLE=0.8,6,11,9,2,18,10,9,9,0,21.429,39.286,32.143,7.143,64.286,35.714,32.143,32.143,0,3076.898,28,8.99591244,12.596166,107.85714,16.7285714,0.82,-0.075,0.8686161,1,TRUE,FALSE,-3.961,0.1011,Ile 2 > Arg 12,Non-Toxin,6.416,0.98886,1,AbAMP18.pdb
AbAMP19,AM-CATH21,GLFKKLRRKIKKGFKKIFKRL,0.418,42,SOLUBLE=0.9,2,2,5,3,10,11,11,11,0,9.524,9.524,23.81,14.286,47.619,52.381,52.381,52.381,0,2633.401,21,10.99561409,12.848188,92.85714,19.8095238,2.5590476,-0.7952381,0.9358016,1,TRUE,FALSE,-7.776,0.1367,Leu 2 > Phe 18,Non-Toxin,4.43,1.0086,4,AbAMP19.pdb
AbAMP20,Cathelicidin-BF,KFFRKLKKSVKKRAKEFFKKPRVIGVSIPF,0.008,8,SOLUBLE=0.6,4,9,7,5,15,15,13,12,1,13.333,30,23.333,16.667,50,50,43.333,40,3.333,3638.54,30,10.99709418,12.351505,71.33333,9.3366667,2.1263333,-0.5366667,0.903575,1,TRUE,FALSE,-7.5,0.7054,Phe 2 > Phe 18,Non-Toxin,4.796,1.0113,6,AbAMP20.pdb
AbAMP21,NA-CATH,KRFKKFFKKLKNSVKKRAKKFFKKPKVIGVTFPF,0.015,10,SOLUBLE=0.8,4,10,6,7,16,18,15,15,0,11.765,29.412,17.647,20.588,47.059,52.941,44.118,44.118,0,4175.258,34,14.99414224,12.656665,51.47059,17.5264706,2.0302941,-0.7647059,0.8074899,1,TRUE,FALSE,-5972,0.668,Arg 2 > Lys 23,Non-Toxin,5.34,0.7071,6,AbAMP21.pdb
AbAMP22,WAM1,KRGFGKKLRKRLKKFRNSIKKRLKNFNVVIPIPLPG,0.043,0.5,SOLUBLE=0.8,4,12,9,3,18,18,14,14,0,11.111,33.333,25,8.333,50,50,38.889,38.889,0,4276.326,36,13.99531244,13.12542,91.94444,31.0916667,2.5997222,-0.8166667,0.7004041,1,TRUE,FALSE,-8.7925,0.6097,Phe 4 > Asn 25,Non-Toxin,8.733,0.99306,5,AbAMP22.pdb
AbAMP23,Bactenecin,RLCRIVVIRVCR,0.007,64,SOLUBLE=0.9,2,5,6,0,8,4,4,4,0,16.667,41.667,50,0,66.667,33.333,33.333,33.333,0,1485.919,12,3.874021622,12.02345,170,2.0916667,2.52,1.0333333,0.4330748,1,TRUE,FALSE,-5.91667,-1.513,Leu 2 > Arg 4 ,Non-Toxin,6.626,0.96,3,AbAMP23.pdb
AbAMP24,Indolicidin,ILPWKWPWWPWRR,0.964,8,SOLUBLE=0.9,0,3,2,5,10,3,3,3,0,0,23.077,15.385,38.462,76.923,23.077,23.077,23.077,0,1907.299,13,2.997682643,12.516461,60,76.2769231,1.0692308,-1.0692308,0.4486802,1,TRUE,FALSE,-4.373,-3.138,Nil,Non-Toxin,6.758,0.9731,7,AbAMP24.pdb
AbAMP25,HNP?1,ACYCRIPACIAGERRYGTCIYQGRLWAFCC,0.14,50,SOLUBLE=0.8,14,15,8,5,23,7,5,4,1,46.667,50,26.667,16.667,76.667,23.333,16.667,13.333,3.333,3448.092,30,2.625346639,8.374965,65.33333,55.71,1.0763333,0.3,0.4880441,1,TRUE,FALSE,-4.702,0.444,Ala 8 > Ala 11,Toxin,5.385,0.9723,8,AbAMP25.pdb
AbAMP26,HNP?2,CYCRIPACIAGERRYGTCIYQGRLWAFCC,0.09,50,SOLUBLE=0.8,13,14,7,5,22,7,5,4,1,44.828,48.276,24.138,17.241,75.862,24.138,17.241,13.793,3.448,3377.014,29,2.625346639,8.374965,64.13793,42.1344828,1.1758621,0.2482759,0.4880441,1,TRUE,FALSE,-4.8749,0.3997,"Pro 6 > Ile 9, Cys 18 > Ile 19, Leu 24 > Trp 25 ",Toxin,3.454,0.97414,5,AbAMP26.pdb
AbAMP27,HD5d5,ARARCRRGRAARRRRLRGVCRIRGRLRRLAAR,0.003,40,SOLUBLE=0.9,11,12,11,0,16,16,16,16,0,34.375,37.5,34.375,0,50,50,50,50,0,3872.692,32,15.87398189,13.136837,76.5625,103.265625,6.21125,-1.165625,0.639279,1,TRUE,FALSE,-18.481,1.7246,"Arg 2 > Val 19, Gly 24 > Ala 30",Non-Toxin,3.648,0.9934,7,AbAMP27.pdb
AbAMP28,HBD-2,GIGDPVTCLKSGAICHPVFCPRRYKQIGTCGLPGTKCCKKP,0.025,1.1,SOLUBLE=0.8,17,25,8,3,27,14,9,8,1,41.463,60.976,19.512,7.317,65.854,34.146,21.951,19.512,2.439,4334.236,41,5.715159373,9.187694,64.14634,42.297561,0.9017073,-0.102439,0.5203675,1,TRUE,FALSE,-4.3459,1.57951,Tyr 24 > Ile 27,Toxin,6.247,0.98878,10,AbAMP28.pdb
AbAMP29,HBD-3,GIINTLQKYYCRVRGGRCAVLSCLPKEEQIGKCSTRGRKCCRRKK,0.023,0.9,SOLUBLE=0.8,16,20,9,2,23,22,15,13,2,35.556,44.444,20,4.444,51.111,48.889,33.333,28.889,4.444,5161.197,45,10.62619204,10.629029,67.11111,53.1311111,2.878,-0.7,0.6311234,1,TRUE,FALSE,-8.85156,2.11202,Ile 3 > Gln 7,Toxin,5.576,1.00156,9,AbAMP29.pdb
AbAMP30,Magainin-2,GIGKFLHSAKKFGKAFVGEIMNS,0.82,256,SOLUBLE=0.7,8,10,6,4,14,9,6,5,1,34.783,43.478,26.087,17.391,60.87,39.13,26.087,21.739,4.348,2466.927,23,3.089488378,10.802733,72.17391,-0.1043478,0.4191304,0.0826087,0.6862389,1,TRUE,FALSE,-1.29404,0.60152,"Ile 2 > Phe 12, Lys 14 > Asn 22",Non-Toxin,4.701,0.98739,6,AbAMP30.pdb
