ID,Name,Sequence,Tiny,Small,Aliphatic,Aromatic,NonPolar,Polar,ChargedAA,Basic,Acidic,MolWeightTiny,MolWeightSmall,MolWeightAliphatic,MolWeightAromatic,MolWeightNonPolar,MolWeightPolar,MolWeightCharged,MolWeightBasic,MolWeightAcidic,MolecularWeight,Length,Charge,pI,AIndex,InstaIndex,BomanIndex,Hydrophobicity,MomentAngle,Moment2,PDBID
1,Aurein 1.2,GLFDIIKKIAESF,3,4,5,2,8,5,4,2,2,23.077,30.769,38.462,15.385,61.538,38.462,30.769,15.385,15.385,1480.767,13,-0.000384161,6.492972,127.69231,20.4769231,0.1261538,0.6692308,0.7127588,0.7127588,AbAMP1.pdb
2,CAMEL,KWKLFKKIGAVLKVL,2,4,7,2,10,5,5,5,13.333,26.667,46.667,13.333,66.667,33.333,33.333,33.333,0,0,1771.309,15,4.99650913,11.402903,149.33333,-28.9866667,-0.538,0.54,0.6870352,0.6870352,AbAMP2.pdb
3,Citropin 1.1,GLFDVIKKVASVIGGL,5,9,8,1,12,4,3,2,1,31.25,56.25,50,6.25,75,25,18.75,12.5,6.25,1615.977,16,0.997840716,9.537301,158.125,14.1875,-1.011875,1.28125,0.6423152,0.6423152,AbAMP3.pdb
4,LL-37,LLGDFFRKSKEKIGKEFKRIVQRIKDFLRNLVPRTES,5,11,9,4,16,21,16,11,5,13.514,29.73,24.324,10.811,43.243,56.757,43.243,29.73,13.514,4493.325,37,6.002415876,11.346921,89.45946,23.3432432,3,-0.7243243,0.9663389,0.9663389,AbAMP4.pdb
5,Omiganan,ILRWPWWPWRRK,0,2,2,4,8,4,4,4,0,0,16.667,16.667,33.333,66.667,33.333,33.333,33.333,0,1780.157,12,3.997679332,12.80743,65,131.9333333,2.5958333,-1.325,0.629719,0.629719,AbAMP5.pdb
6,r-Omiganan,KRRWPWWPWRLI,0,2,2,4,8,4,4,4,0,0,16.667,16.667,33.333,66.667,33.333,33.333,33.333,0,1780.157,12,3.997679332,12.80743,65,127,2.5958333,-1.325,0.629719,0.629719,AbAMP6.pdb
7,Pexiganan,GIGKFLKKAKKFGKAFVKILKK,5,6,7,3,13,9,9,9,0,22.727,27.273,31.818,13.636,59.091,40.909,40.909,40.909,0,2478.195,22,8.995328995,11.70347,93.18182,-6.1636364,0.4931818,-0.1590909,0.7891923,0.7891923,AbAMP7.pdb
8,Temporin A,FLPLIGRVLSGIL,3,5,7,1,11,2,1,1,0,23.077,38.462,53.846,7.692,84.615,15.385,7.692,7.692,0,1397.767,13,0.997980988,10.549999,202.30769,32.3307692,-1.5461538,1.8076923,0.5867194,0.5867194,AbAMP8.pdb
9,Cec4,GWLKKIGKKIERVGQNTRDATIQAIGVAQQAANVAATLKG,15,21,16,1,22,18,9,7,2,37.5,52.5,40,2.5,55,45,22.5,17.5,5,4204.889,40,4.998724114,11.336352,97.75,14.74,1.37325,-0.2675,0.9356343,0.9356343,AbAMP9.pdb
10,Cec4-7,GWLKKIGKKIERVGQHTRDATIQAIGVAQQAANVAATLKG,15,20,16,2,22,18,10,8,2,37.5,50,40,5,55,45,25,20,5,4227.926,40,5.089633205,11.336328,97.75,14.9775,1.32375,-0.26,0.9356343,0.9356343,AbAMP10.pdb
11,Cec4-8,GWVKKIGKKIERVGQNTRDATIQVIGVAQQAANVAATLKG,14,22,16,1,22,18,9,7,2,35,55,40,2.5,55,45,22.5,17.5,5,4218.916,40,4.998724114,11.336352,100,9.05,1.3395,-0.1975,0.9373256,0.9373256,AbAMP11.pdb
12,FITC-Cec4,GWLKKIGKKIERVGQNTRDATIQAIGVAQQAANVAATLKG,15,21,16,1,22,18,9,7,2,37.5,52.5,40,2.5,55,45,22.5,17.5,5,4204.889,40,4.998724114,11.336352,97.75,14.74,1.37325,-0.2675,0.9356343,0.9356343,AbAMP12.pdb
13,Human KS-30 (Cathelicidin),KSKEKIGKEFKRIVQRIKDFLRNLVPRTES,4,9,7,2,11,19,14,10,4,13.333,30,23.333,6.667,36.667,63.333,46.667,33.333,13.333,30,6.001972704,11.369347,84.33333,28.97,3.47,-1.0533333,0.9663389,0.9663389,0,AbAMP13.pdb
14,Human KR-20 (Cathelicidin),KRIVQRIKDFLRNLVPRTES,2,7,6,1,8,12,8,6,2,10,35,30,5,40,60,40,30,10,20,3.999602593,12.07911,107,54.46,3.686,-0.755,0.9663389,0.9663389,0,AbAMP14.pdb
15,KR-12 ( Cathelicidin),KRIVQRIKDFLR,0,2,4,1,5,7,6,5,1,0,16.667,33.333,8.333,41.667,58.333,50,41.667,8.333,12,3.997830782,12.24367,121.66667,31.95,4.0283333,-0.7083333,0.9663389,0.9663389,0,AbAMP15.pdb
16,SAAP-148,LKRVWKRVFKLLKRYWRQLKKPVR,0,4,7,4,12,12,11,11,0,0,16.667,29.167,16.667,50,50,45.833,45.833,0,24,10.99534713,12.703963,101.25,35.3666667,3.0891667,-0.9791667,1.0072273,1.0072273,0,AbAMP16.pdb
17,AM-CATH36,GLFKKLRRKIKKGFKKIFKRLPPIGVGVSIPLAGKR,7,12,11,3,22,14,13,13,0,19.444,33.333,30.556,8.333,61.111,38.889,36.111,36.111,0,36,12.99531575,13.009704,105.55556,29.9611111,1.3927778,-0.2472222,0.9358016,0.9358016,0,AbAMP17.pdb
18,AM-CATH28,KIKKGFKKIFKRLPPIGVGVSIPLAGKR,6,11,9,2,18,10,9,9,0,21.429,39.286,32.143,7.143,64.286,35.714,32.143,32.143,0,28,8.99591244,12.596166,107.85714,16.7285714,0.82,-0.075,0.8686161,0.8686161,0,AbAMP18.pdb
19,AM-CATH21,GLFKKLRRKIKKGFKKIFKRL,2,2,5,3,10,11,11,11,0,9.524,9.524,23.81,14.286,47.619,52.381,52.381,52.381,0,21,10.99561409,12.848188,92.85714,19.8095238,2.5590476,-0.7952381,0.9358016,0.9358016,0,AbAMP19.pdb
20,Cathelicidin-BF,KFFRKLKKSVKKRAKEFFKKPRVIGVSIPF,4,9,7,5,15,15,13,12,1,13.333,30,23.333,16.667,50,50,43.333,40,3.333,30,10.99709418,12.351505,71.33333,9.3366667,2.1263333,-0.5366667,0.903575,0.903575,0,AbAMP20.pdb
21,NA-CATH,KRFKKFFKKLKNSVKKRAKKFFKKPKVIGVTFPF,4,10,6,7,16,18,15,15,0,11.765,29.412,17.647,20.588,47.059,52.941,44.118,44.118,0,34,14.99414224,12.656665,51.47059,17.5264706,2.0302941,-0.7647059,0.8074899,0.8074899,0,AbAMP21.pdb
22,WAM1,KRGFGKKLRKRLKKFRNSIKKRLKNFNVVIPIPLPG,4,12,9,3,18,18,14,14,0,11.111,33.333,25,8.333,50,50,38.889,38.889,0,36,13.99531244,13.12542,91.94444,31.0916667,2.5997222,-0.8166667,0.7004041,0.7004041,0,AbAMP22.pdb
23,Bactenecin,RLCRIVVIRVCR,2,5,6,0,8,4,4,4,0,16.667,41.667,50,0,66.667,33.333,33.333,33.333,0,12,3.874021622,12.02345,170,2.0916667,2.52,1.0333333,0.4330748,0.4330748,0,AbAMP23.pdb
24,Indolicidin,ILPWKWPWWPWRR,0,3,2,5,10,3,3,3,0,0,23.077,15.385,38.462,76.923,23.077,23.077,23.077,0,13,2.997682643,12.516461,60,76.2769231,1.0692308,-1.0692308,0.4486802,0.4486802,0,AbAMP24.pdb
25,HNP?1,ACYCRIPACIAGERRYGTCIYQGRLWAFCC,14,15,8,5,23,7,5,4,1,46.667,50,26.667,16.667,76.667,23.333,16.667,13.333,3.333,30,2.625346639,8.374965,65.33333,55.71,1.0763333,0.3,0.4880441,0.4880441,0,AbAMP25.pdb
26,HNP?2,CYCRIPACIAGERRYGTCIYQGRLWAFCC,13,14,7,5,22,7,5,4,1,44.828,48.276,24.138,17.241,75.862,24.138,17.241,13.793,3.448,29,2.625346639,8.374965,64.13793,42.1344828,1.1758621,0.2482759,0.4880441,0.4880441,0,AbAMP26.pdb
27,HD5d5,ARARCRRGRAARRRRLRGVCRIRGRLRRLAAR,11,12,11,0,16,16,16,16,0,34.375,37.5,34.375,0,50,50,50,50,0,32,15.87398189,13.136837,76.5625,103.265625,6.21125,-1.165625,0.639279,0.639279,0,AbAMP27.pdb
28,HBD-2,GIGDPVTCLKSGAICHPVFCPRRYKQIGTCGLPGTKCCKKP,17,25,8,3,27,14,9,8,1,41.463,60.976,19.512,7.317,65.854,34.146,21.951,19.512,2.439,41,5.715159373,9.187694,64.14634,42.297561,0.9017073,-0.102439,0.5203675,0.5203675,0,AbAMP28.pdb
29,HBD-3,GIINTLQKYYCRVRGGRCAVLSCLPKEEQIGKCSTRGRKCCRRKK,16,20,9,2,23,22,15,13,2,35.556,44.444,20,4.444,51.111,48.889,33.333,28.889,4.444,45,10.62619204,10.629029,67.11111,53.1311111,2.878,-0.7,0.6311234,0.6311234,0,AbAMP29.pdb
30,Magainin-2,GIGKFLHSAKKFGKAFVGEIMNS,8,10,6,4,14,9,6,5,1,34.783,43.478,26.087,17.391,60.87,39.13,26.087,21.739,4.348,23,3.089488378,10.802733,72.17391,-0.1043478,0.4191304,0.0826087,0.6862389,0.6862389,0,AbAMP30.pdb
